mkt_price,stock_id,date,mkt_ret_1d,mkt_ret_5d,mkt_ret_20d
49162.92,TAIEX,2024-09-23,,,
49486.36,TAIEX,2024-09-24,0.006578942015649236,,
50214.86,TAIEX,2024-09-25,0.014721228233395944,,
50433.97,TAIEX,2024-09-26,0.004363449385301532,,
50354.5,TAIEX,2024-09-27,-0.0015757236640304706,,
49034.57,TAIEX,2024-09-30,-0.026212751591218275,-0.0026107074193314483,
49400.47,TAIEX,2024-10-01,0.007462082363524303,-0.0017356297775791285,
49207.14,TAIEX,2024-10-04,-0.003913525519089189,-0.02006816308957149,
50089.32,TAIEX,2024-10-07,0.017927886075069566,-0.006833687691054302,
49888.19,TAIEX,2024-10-08,-0.004015426841490255,-0.009260542751889034,
49993.41,TAIEX,2024-10-09,0.0021091164061073364,0.0195543674595291,
50528.56,TAIEX,2024-10-11,0.010704410841348766,0.022835612697611918,
50691.06,TAIEX,2024-10-14,0.0032160029892005504,0.030156599225234393,
51389.92,TAIEX,2024-10-15,0.013786651926394944,0.02596561502531869,
50769.8,TAIEX,2024-10-16,-0.012066957878120732,0.017671717494661676,
50864.37,TAIEX,2024-10-17,0.0018627215391826546,0.017421496153192884,
51820.95,TAIEX,2024-10-18,0.01880648477509883,0.025577416019771704,
51942.88,TAIEX,2024-10-21,0.002352909392822733,0.02469508430086087,
51927.27,TAIEX,2024-10-22,-0.00030052242001210594,0.01045633073567731,
51484.62,TAIEX,2024-10-23,-0.008524422716618685,0.014079630016269551,
51170.78,TAIEX,2024-10-24,-0.00609580103728069,0.006024059670846071,0.040840942726754204
51514.82,TAIEX,2024-10-25,0.006723368297297805,-0.005907456347288065,0.04099028499974544
51183.03,TAIEX,2024-10-28,-0.006440670859376052,-0.014628568920321716,0.01928054763072118
50584.04,TAIEX,2024-10-29,-0.011702902309613128,-0.02586752586839236,0.002975573804719245
50349.83,TAIEX,2024-10-30,-0.004630116534780515,-0.02204133972436817,-9.274245598700492e-05
50261.53,TAIEX,2024-11-01,-0.0017537298537055879,-0.017768929846291193,0.02502234647922874
50670.37,TAIEX,2024-11-04,0.008134252976381706,-0.0163923701956058,0.02570623315932008
50982.36,TAIEX,2024-11-05,0.006157247322251536,-0.003920635413729889,0.03607647182908824
51226.38,TAIEX,2024-11-06,0.004786361400296091,0.012698471691861668,0.02270064756319301
51648.76,TAIEX,2024-11-07,0.008245361081536506,0.025798101006498042,0.03529031620509793
51968.85,TAIEX,2024-11-08,0.006197438234722297,0.033968723196448725,0.039514007946247265
51915.34,TAIEX,2024-11-11,-0.0010296552646441581,0.02456998044419234,0.027445468463775713
50706.53,TAIEX,2024-11-12,-0.023284254711613106,-0.0054103027007773585,0.00030518201828888536
50438.36,TAIEX,2024-11-13,-0.0052886679486843224,-0.015383089728378208,-0.018516471712740512
50118.77,TAIEX,2024-11-14,-0.006336248839177272,-0.029622976427701397,-0.01282317440683256
50179.21,TAIEX,2024-11-15,0.0012059354210010031,-0.034436782803544785,-0.013470332965885623
49746.25,TAIEX,2024-11-18,-0.008628274538399427,-0.04178129238872352,-0.04003593141383932
50413.13,TAIEX,2024-11-19,0.013405633590471533,-0.005786236999455574,-0.029450619603687778
50059.15,TAIEX,2024-11-20,-0.007021583464466463,-0.0075182856857359814,-0.035975702169592116
49766.37,TAIEX,2024-11-21,-0.005848681010364731,-0.007031297855074947,-0.033374044520480095
50535.64,TAIEX,2024-11-22,0.015457627309365618,0.00710314092230635,-0.012412161784518427
50633.11,TAIEX,2024-11-25,0.0019287378175085745,0.01782767545292363,-0.01711565720311159
50038.25,TAIEX,2024-11-26,-0.011748438916748372,-0.007436158000901694,-0.02236639761264625
49279.3,TAIEX,2024-11-27,-0.015167396941339839,-0.015578570551038062,-0.025793511154901805
49200.65,TAIEX,2024-11-28,-0.0015960048133800697,-0.011367515854582178,-0.022823910229686994
49120.33,TAIEX,2024-11-29,-0.0016324987576383787,-0.02800617544370665,-0.022705237982210247
50167.12,TAIEX,2024-12-02,0.02131072816489632,-0.009203266400187537,-0.009931839850389923
50808.14,TAIEX,2024-12-03,0.012777691842784655,0.015386029687289193,-0.003417260401440858
51310.92,TAIEX,2024-12-04,0.009895658451578804,0.041226640800498204,0.0016503215725960363
51338.84,TAIEX,2024-12-05,0.0005441336853830858,0.043458572193660006,-0.006000531280905941
51174.1,TAIEX,2024-12-06,-0.003208876554281259,0.04181099760526852,-0.015292814830422441
51350.59,TAIEX,2024-12-09,0.0034488149278637525,0.023590550942529598,-0.010878287612100745
51027.33,TAIEX,2024-12-10,-0.006295156491872733,0.004314072508853961,0.006326601327284687
50538.67,TAIEX,2024-12-11,-0.009576436783974462,-0.015050402526401774,0.001988764107318186
50926.92,TAIEX,2024-12-12,0.007682236196560055,-0.008023554875801642,0.016124697393810727
50868.77,TAIEX,2024-12-13,-0.0011418322568889083,-0.005966494769815256,0.013741946116728299
50911.67,TAIEX,2024-12-16,0.0008433465169297438,-0.008547516201858563,0.0234272935145865
50863.3,TAIEX,2024-12-17,-0.0009500768684270744,-0.003214551888174433,0.008929618137179851
51197.77,TAIEX,2024-12-18,0.0065758611808512946,0.01304149871771454,0.022745492082865804
50675.89,TAIEX,2024-12-19,-0.01019341272090557,-0.0049292201452590945,0.018275795481969004
49743.34,TAIEX,2024-12-20,-0.01840224217078379,-0.022124183462662872,-0.015678044247584566
51056.61,TAIEX,2024-12-23,0.026400921208748818,0.0028468914887294083,0.008364092191848416
51091.32,TAIEX,2024-12-24,0.0006798336199760335,0.004482996581031795,0.021045300345235995
51312.04,TAIEX,2024-12-25,0.004320107603404955,0.0022319331486508887,0.04124936839606086
51371.36,TAIEX,2024-12-26,0.001156063956919251,0.013723883290456262,0.0441195390711302
51434.88,TAIEX,2024-12-27,0.0012364866337974956,0.034005356294933176,0.04712000102605174
51245.97,TAIEX,2024-12-30,-0.003672799469931598,0.003708824381407183,0.02150512128262494
50903.23,TAIEX,2024-12-31,-0.0066881356719367124,-0.003681447259534454,0.001871550503521835
50486.46,TAIEX,2025-01-02,-0.008187496156923713,-0.016089401239942958,-0.016067924722456772
50655.05,TAIEX,2025-01-03,0.003339311173728543,-0.01394376166019351,-0.013319155633434554
52068.92,TAIEX,2025-01-06,0.02791172844563361,0.012327043438227214,0.017485798480090464
52297.92,TAIEX,2025-01-07,0.004398017089657369,0.020527467818445055,0.018448278783165017
51758.5,TAIEX,2025-01-08,-0.010314368143130692,0.016801880745092035,0.01432898801485405
51037.21,TAIEX,2025-01-09,-0.013935682061883559,0.010908865466107143,0.009864525520754786
50884.04,TAIEX,2025-01-10,-0.003001143675369411,0.004520575934679805,-0.0008419908370660423
49726.4,TAIEX,2025-01-13,-0.02275055203950005,-0.04498883402997411,-0.022457197215501656
50410.09,TAIEX,2025-01-14,0.013749034717976727,-0.036097611530248264,-0.009851965178121258
49784.43,TAIEX,2025-01-15,-0.012411404145479477,-0.038140015649603454,-0.02121116797376499
50913.3,TAIEX,2025-01-16,0.022675161692119472,-0.0024278364746034287,-0.005556296690265916
51185.24,TAIEX,2025-01-17,0.005341236965586527,0.005919341310163251,0.010051130823750754
51447.8,TAIEX,2025-01-20,0.005129603768586399,0.03461742655812605,0.0342650895577179
51521.48,TAIEX,2025-01-21,0.001432131208720211,0.022046975119465406,0.009104991498652293
52019.89,TAIEX,2025-01-22,0.009673829245588461,0.04490279390564478,0.018174711477409566
50183.03,TAIEX,2025-02-03,-0.035310724417141226,-0.014343403393612397,-0.022002828186133305
50402.49,TAIEX,2025-02-04,0.004373191495212536,-0.01529249447692338,-0.018860119724297797
51215.38,TAIEX,2025-02-05,0.016127973042601607,-0.004517588701557829,-0.004267532071621449
51558.16,TAIEX,2025-02-06,0.006692911387165434,0.0007119360701595134,0.0060919912336521165
51915.65,TAIEX,2025-02-07,0.006933723003303305,-0.0020038489124063474,0.019889111162493922
51415.63,TAIEX,2025-02-10,-0.00963139246065503,0.0245620880205919,0.018404340490499882
51707.3,TAIEX,2025-02-11,0.0056727886053327126,0.02588780832058113,0.0207728548288868
51498.78,TAIEX,2025-02-12,-0.004032699444759369,0.005533494040266929,-0.0109497181812106
51741.27,TAIEX,2025-02-13,0.004708655234162862,0.003551523173053406,-0.01064382675257447
51195.54,TAIEX,2025-02-14,-0.010547286527756161,-0.013870769218915724,-0.010876667600490775
51975.47,TAIEX,2025-02-17,0.015234334865888766,0.010888517752286608,0.0183838419067186
52331.01,TAIEX,2025-02-18,0.006840534582948532,0.012062320020577388,0.028436617847167778
52193.85,TAIEX,2025-02-19,-0.002621008079148557,0.013496824584970701,0.04962052350461721
51935.96,TAIEX,2025-02-20,-0.004941003585671511,0.003762760365178641,0.030269138579201105
52472.84,TAIEX,2025-02-21,0.010337346224080557,0.024949438955033987,0.05400101999761775
52108.12,TAIEX,2025-02-24,-0.006950643418576097,0.0025521654734435018,0.023467738292351825
51489.87,TAIEX,2025-02-25,-0.01186475351634253,-0.01607345243288827,0.005951520399240184
51748.22,TAIEX,2025-02-26,0.0050174917901326666,-0.0085379790914063,0.0058393167443504534
50975.67,TAIEX,2025-02-27,-0.014929015915909782,-0.018489886390855248,-0.010593833872784786
50319.09,TAIEX,2025-03-03,-0.012880262289833633,-0.04104504349297655,-0.03269518639889479
49966.71,TAIEX,2025-03-04,-0.007002908836387878,-0.04109551448027682,-0.004310620542442356
50574.84,TAIEX,2025-03-05,0.012170703254226645,-0.017771068367428478,0.003419473918848004
50228.85,TAIEX,2025-03-06,-0.006841148681834608,-0.029360816661906486,-0.019262377824786237
49920.68,TAIEX,2025-03-07,-0.006135318646554699,-0.0206959516177031,-0.03175986109667228
49662.16,TAIEX,2025-03-10,-0.005178615355399763,-0.013055283789909389,-0.04340675692204565
48804.06,TAIEX,2025-03-11,-0.01727874905159188,-0.02326849216208149,-0.050793309349705495
49262.37,TAIEX,2025-03-12,0.00939081707546463,-0.025951046014183965,-0.04728403919756008
48563.54,TAIEX,2025-03-13,-0.01418587859252407,-0.033154452072862495,-0.05699630165996161
48577.62,TAIEX,2025-03-14,0.00028992944089334394,-0.026903880315732875,-0.06114364800090899
48910.7,TAIEX,2025-03-17,0.006856655389868793,-0.015131440114566241,-0.04462966891256548
49330.94,TAIEX,2025-03-18,0.008591984984880785,0.010795823134386762,-0.05088034797953722
48642.44,TAIEX,2025-03-19,-0.01395675817245734,-0.012584250412637443,-0.07048535849011894
49577.9,TAIEX,2025-03-20,0.01923135434817813,0.020887274692083846,-0.05011988960385172
49206.44,TAIEX,2025-03-21,-0.0074924512736521676,0.012944644056254617,-0.05255549334218523
48979.66,TAIEX,2025-03-24,-0.004608746334829328,0.001409916439552239,-0.06657120140628925
49349.28,TAIEX,2025-03-25,0.007546397831262874,0.0003717747928582149,-0.052944531485687896
49321.23,TAIEX,2025-03-26,-0.0005683973504779782,0.013954686483655054,-0.04211779909329738
48649.66,TAIEX,2025-03-27,-0.01361624598575506,-0.018722858370362583,-0.05987761511410439
47876.79,TAIEX,2025-03-28,-0.015886441960745512,-0.02702186949513119,-0.06079135399299307
45866.82,TAIEX,2025-03-31,-0.04198213790022265,-0.06355372822106164,-0.08848073365396703
47166.3,TAIEX,2025-04-01,0.028331591333343065,-0.04423529583410324,-0.05604551510395617
47206.32,TAIEX,2025-04-02,0.0008484871613843037,-0.042880317461669204,-0.06660465955008454
42627.45,TAIEX,2025-04-07,-0.09699696989725115,-0.12378729882182127,-0.1513353381572543
40915.49,TAIEX,2025-04-08,-0.04016097608465907,-0.14540030774828472,-0.1803899706494383
38547.9,TAIEX,2025-04-09,-0.057865370792333115,-0.15956894330149762,-0.22379735396124534
42114.04,TAIEX,2025-04-10,0.09251191374886836,-0.10711588570653208,-0.1370791692330514
43286.58,TAIEX,2025-04-11,0.02784202133065361,-0.08303422084161605,-0.12130536959549454
43251.81,TAIEX,2025-04-14,-0.0008032512617075493,0.014646900060876211,-0.10937691115598247
44015.61,TAIEX,2025-04-15,0.017659376567131124,0.07576885917778342,-0.09391176430627934
43151.88,TAIEX,2025-04-16,-0.019623265473317386,0.11943529997743063,-0.1177415166824437
42868.63,TAIEX,2025-04-17,-0.00656402455698335,0.017917777539271817,-0.13099912549811543
42993.52,TAIEX,2025-04-18,0.0029133191333616804,-0.006770227631751058,-0.11613150985024612
42353.26,TAIEX,2025-04-21,-0.014892011633380942,-0.020774853121753645,-0.14572299351122175
41659.94,TAIEX,2025-04-22,-0.016369932326342762,-0.05351896747540241,-0.15336407185726098
43534.64,TAIEX,2025-04-23,0.045000064810462925,0.008870065452536435,-0.11116900362313675
43181.51,TAIEX,2025-04-24,-0.008111471692426986,0.007298577071392476,-0.1249819652890578
44054.94,TAIEX,2025-04-25,0.02022694435650818,0.024687906456601016,-0.10677531764718762
44413.35,TAIEX,2025-04-28,0.008135523507692755,0.048640647732901776,-0.08707789530286547
44852.79,TAIEX,2025-04-29,0.009894322315249893,0.07664077288637472,-0.06316212929062281
44858.1,TAIEX,2025-04-30,0.00011838728426916134,0.03040015950516639,-0.021992368339466384
46083.15,TAIEX,2025-05-02,0.02730944912958866,0.06719635325397366,-0.022964489476596683
45518.63,TAIEX,2025-05-05,-0.012250030651116628,0.03322419687780753,-0.03575135702168697
45495.58,TAIEX,2025-05-06,-0.0005063860665400766,0.024367222918334264,0.06728364000192366
45548.57,TAIEX,2025-05-07,0.0011647285296725318,0.015512524415983941,0.11323535414093788
45541.7,TAIEX,2025-05-08,-0.00015082800623600345,0.015239165278957412,0.1814314139032216
46365.58,TAIEX,2025-05-09,0.018090672943697816,0.0061287043094926386,0.10095303134061706
46841.1,TAIEX,2025-05-12,0.010255883782754216,0.02905337880336023,0.08211598144274723
47285.85,TAIEX,2025-05-13,0.009494866687588477,0.03935041601843503,0.09326869788801906
48289.47,TAIEX,2025-05-14,0.02122453122868695,0.060175324933362306,0.09709873383556422
48172.83,TAIEX,2025-05-15,-0.002415433426790514,0.057774083971393386,0.1163553013217502
48424.31,TAIEX,2025-05-16,0.005220370071677305,0.044402118985678474,0.1295977968038633
47715.23,TAIEX,2025-05-19,-0.014643058414255061,0.018661602737766625,0.10982375948747647
47720.09,TAIEX,2025-05-20,0.00010185427168618588,0.009183296905945326,0.12671586555556758
48336.11,TAIEX,2025-05-21,0.012909028461597805,0.0009658420355411756,0.16025395139791354
48046.91,TAIEX,2025-05-22,-0.0059831045568209396,-0.002613921581937295,0.10364780781465077
48005.4,TAIEX,2025-05-23,-0.0008639473381326646,-0.008650820218191968,0.11171193411254032
47748.95,TAIEX,2025-05-26,-0.005342107346256952,0.0007066926010834695,0.08385007447518933
47306.54,TAIEX,2025-05-27,-0.009265334630394917,-0.008666161358874103,0.0651423502167705
47355.66,TAIEX,2025-05-28,0.0010383342345476887,-0.020284007132555737,0.055801879883057515
47332.56,TAIEX,2025-05-29,-0.0004877980794694148,-0.014867761527224244,0.05516194399673635
46569.74,TAIEX,2025-06-02,-0.01611617879954097,-0.029906218883709035,0.010558957015742054
46856.93,TAIEX,2025-06-03,0.006166880038411149,-0.018681457916875588,0.029401148496780438
47947.73,TAIEX,2025-06-04,0.023279374043498002,0.013553939899219047,0.05389864246153153
48072.81,TAIEX,2025-06-05,0.002608674070701422,0.015143913103523365,0.055418644317483556
48042.29,TAIEX,2025-06-06,-0.0006348703144251067,0.01499454075587714,0.05490769997606604
48329.93,TAIEX,2025-06-09,0.005987225005302577,0.03779686122361858,0.042366557260795634
49336.29,TAIEX,2025-06-10,0.02082270758513416,0.05291341110055647,0.05326924431749047
49845.86,TAIEX,2025-06-11,0.010328502609336931,0.03958748412072888,0.05413902890611033
49534.6,TAIEX,2025-06-12,-0.006244450391667433,0.030407833450967425,0.02578471041409225
49070.32,TAIEX,2025-06-13,-0.009372842417219474,0.021398438750525717,0.01863062643402924
49027.83,TAIEX,2025-06-16,-0.0008659002019958395,0.014440327143035336,0.012463161581445448
49419.49,TAIEX,2025-06-17,0.007988524068880842,0.0016863854173063686,0.03571731709141912
49746.91,TAIEX,2025-06-18,0.006625321305420373,-0.0019851197270945864,0.042473096760714535
49022.06,TAIEX,2025-06-19,-0.014570754243831585,-0.010347110908334844,0.01419125370245955
49127.61,TAIEX,2025-06-20,0.002153112292710757,0.0011675081800974763,0.022492601501324483
48437.09,TAIEX,2025-06-23,-0.014055639995513847,-0.012049074984554764,0.008992530007040811
49509.89,TAIEX,2025-06-24,0.02214831650704041,0.0018292378169018075,0.036879135562143395
50058.43,TAIEX,2025-06-25,0.011079402519375448,0.0062620974850498,0.05817144944441077
50224.51,TAIEX,2025-06-26,0.003317722909008669,0.024528752973661305,0.06058093161408795
50427.06,TAIEX,2025-06-27,0.004032891510539205,0.026450503087774857,0.06537782870818742
49791.93,TAIEX,2025-06-30,-0.01259502338625329,0.027971127084637004,0.06919063752556931
50527.22,TAIEX,2025-07-01,0.014767252444321866,0.02054801576008347,0.07832971558315927
50672.94,TAIEX,2025-07-02,0.0028839900552612985,0.012275854436505584,0.05683710156872901
51049.21,TAIEX,2025-07-03,0.007425462189484033,0.01642026970497068,0.06191441690219479
50678.19,TAIEX,2025-07-04,-0.007267889160282759,0.004980064275014406,0.054866243886376065
50415.15,TAIEX,2025-07-07,-0.0051903984731893615,0.012516486105278446,0.04314552079839551
50278.7,TAIEX,2025-07-08,-0.0027065277005028365,-0.004918536978682053,0.01910176059042934
50715.81,TAIEX,2025-07-09,0.008693741087180129,0.0008460136712018507,0.01745280350263778
51118.84,TAIEX,2025-07-10,0.007946831569879187,0.0013639780125882517,0.03198249304526524
51254.2,TAIEX,2025-07-11,0.002647947410387319,0.011366033396220221,0.04450511021733705
50982.13,TAIEX,2025-07-14,-0.005308247909439623,0.011246222613638945,0.03986103402904018
51498.65,TAIEX,2025-07-15,0.010131393097934538,0.024263753836117674,0.04207166039147725
51974.2,TAIEX,2025-07-16,0.009234222644671108,0.024812578168425192,0.04477242908152479
52160.94,TAIEX,2025-07-17,0.0035929364954150333,0.020385830351393075,0.06402994896583314
52773.96,TAIEX,2025-07-18,0.011752472252225532,0.02965142368820506,0.07422201080003688
52680.96,TAIEX,2025-07-21,-0.001762232737509195,0.033322067948122314,0.08761612227324145
51905.67,TAIEX,2025-07-22,-0.014716702201326592,0.007903508150213678,0.04838992774978901
52657.75,TAIEX,2025-07-23,0.014489361181543314,0.013151717582954747,0.051925719604070775
52799.26,TAIEX,2025-07-24,0.0026873537133660363,0.01223750952340974,0.051264810746784795
52783.23,TAIEX,2025-07-25,-0.0003036027398868324,0.0001756548115776635,0.04672431825293821
52894.49,TAIEX,2025-07-28,0.0021078664568272565,0.004053267062711141,0.0623104989101646
52418.25,TAIEX,2025-07-29,-0.009003584305283918,0.009875221724331862,0.03742596564782308
53024.7,TAIEX,2025-07-30,0.011569443848278071,0.006968584871172689,0.046410569428180004
53241.87,TAIEX,2025-07-31,0.004095638447742411,0.008382882638885425,0.04295188897144553
52997.73,TAIEX,2025-08-01,-0.00458548882674481,0.00406379071534646,0.04576998507642038
52873.7,TAIEX,2025-08-04,-0.0023402889142611905,-0.00039304661033690014,0.04876609511228258
53516.83,TAIEX,2025-08-05,0.012163514185691726,0.02095796788332316,0.06440361425414753
53036.14,TAIEX,2025-08-06,-0.008982034249786497,0.00021574850965677683,0.04575161078961387
54325.17,TAIEX,2025-08-07,0.02430474766828805,0.020346768436194873,0.06272305866095551
54367.25,TAIEX,2025-08-08,0.0007745949069279945,0.02584110677947904,0.06073746151534909
54627.86,TAIEX,2025-08-11,0.004793510799240286,0.03317641852187392,0.07150995848937658
54696.4,TAIEX,2025-08-12,0.0012546711513137243,0.02204110370513357,0.06209386071285361
55197.85,TAIEX,2025-08-13,0.009167879421680292,0.04075918798012079,0.06202404269810802
54902.49,TAIEX,2025-08-14,-0.005350933052646112,0.010627118147996661,0.05255944390572709
55122.88,TAIEX,2025-08-15,0.0040142077344762495,0.013898624631556666,0.04450907227731249
55458.79,TAIEX,2025-08-18,0.006093839799371947,0.015210736792545143,0.05272929726413489
55173.11,TAIEX,2025-08-19,-0.0051512122785224435,0.008715564461280856,0.06294957757023467
53523.93,TAIEX,2025-08-20,-0.029891010312813604,-0.030325818849828323,0.01644924061510422
54300.41,TAIEX,2025-08-21,0.014507155958092044,-0.010966351435062305,0.028431269680673665
53853.13,TAIEX,2025-08-22,-0.00823713854094299,-0.02303489948275561,0.0202696955074555
55019.08,TAIEX,2025-08-25,0.021650552159178105,-0.00792858985924505,0.04016656555342535
55085.2,TAIEX,2025-08-26,0.0012017649150075638,-0.0015933486439319022,0.05087827235743281
55573.36,TAIEX,2025-08-27,0.008861908461801127,0.03828997609106799,0.04806552418024057
54944.81,TAIEX,2025-08-28,-0.011310275282977345,0.011867313709049254,0.03198497723690008
54937.67,TAIEX,2025-08-29,-0.00012994857931070136,0.020138848011248323,0.03660420927462349
54572.57,TAIEX,2025-09-01,-0.006645713223731531,-0.008115548278888052,0.03213071905313991
54454.98,TAIEX,2025-09-02,-0.0021547455067627563,-0.011440822580293664,0.017529999441297184
54644.67,TAIEX,2025-09-03,0.003483427961960439,-0.016711064438068912,0.03032894173671008
54829.75,TAIEX,2025-09-04,0.0033869725995234745,-0.0020941013355036953,0.00928814396715194
55543.47,TAIEX,2025-09-05,0.013017020869144913,0.011027042100620665,0.021634715752590017
55664.43,TAIEX,2025-09-08,0.0021777537485503373,0.02000748727794943,0.018975116360040456
56362.76,TAIEX,2025-09-09,0.012545354367232475,0.035034077691333154,0.030465624794319135
57137.59,TAIEX,2025-09-10,0.013747197617717699,0.045620551830581,0.03514158613061924
57190.09,TAIEX,2025-09-11,0.0009188346935877778,0.043048527487358434,0.04166659836375364
57777.38,TAIEX,2025-09-12,0.010269086829553853,0.040219129269381204,0.04815604699899567
57511.37,TAIEX,2025-09-15,-0.0046040509278889585,0.03317989603055316,0.037010904853856275
58222.31,TAIEX,2025-09-16,0.012361729515398379,0.03299252910964601,0.05526605261149853
57787.89,TAIEX,2025-09-17,-0.00746140096468173,0.011381299071241857,0.0796645537799634
58542.19,TAIEX,2025-09-18,0.01305290779781032,0.023642207941970472,0.0781169055629598
58108.3,TAIEX,2025-09-19,-0.00741157787230029,0.005727500970102994,0.07901434884100533
473.59,TPEx,2024-09-23,,,
471.89,TPEx,2024-09-24,-0.003589602821005511,,
478.58,TPEx,2024-09-25,0.014177032783063925,,
480.0,TPEx,2024-09-26,0.002967111036817238,,
478.86,TPEx,2024-09-27,-0.002375000000000016,,
475.51,TPEx,2024-09-30,-0.006995781648080901,0.004054139656665123,
478.75,TPEx,2024-10-01,0.006813736829929917,0.014537286231960822,
474.25,TPEx,2024-10-04,-0.009399477806788514,-0.00904759914747788,
480.13,TPEx,2024-10-07,0.012398523985239773,0.00027083333333322024,
477.94,TPEx,2024-10-08,-0.004561264657488628,-0.0019212295869356355,
474.7,TPEx,2024-10-09,-0.006779093610076559,-0.0017034342074825348,
477.35,TPEx,2024-10-11,0.005582473140931077,-0.0029242819843341428,
478.79,TPEx,2024-10-14,0.0030166544464229617,0.009573010015814454,
479.74,TPEx,2024-10-15,0.001984168424570276,-0.0008122800074978898,
478.99,TPEx,2024-10-16,-0.0015633468128569694,0.0021969284847471737,
481.48,TPEx,2024-10-17,0.005198438380759507,0.014282704866231288,
476.0,TPEx,2024-10-18,-0.011381573481764606,-0.0028281135435215266,
482.69,TPEx,2024-10-21,0.014054621848739401,0.008145533532446292,
484.61,TPEx,2024-10-22,0.003977708259959911,0.010151331971484545,
485.54,TPEx,2024-10-23,0.001919068942035862,0.013674606985532023,
478.73,TPEx,2024-10-24,-0.014025620958108553,-0.005711556035557064,0.010853269705863866
478.51,TPEx,2024-10-25,-0.00045954922398849796,0.005273109243697505,0.01402869312763566
473.0,TPEx,2024-10-28,-0.011514910869156347,-0.02007499637448462,-0.011659492665803017
468.36,TPEx,2024-10-29,-0.009809725158562377,-0.03353211861084171,-0.024249999999999994
468.1,TPEx,2024-10-30,-0.0005551285336066192,-0.035918770853070825,-0.02247003299502981
469.36,TPEx,2024-11-01,0.0026917325357829203,-0.019572619221690735,-0.01293348194570032
467.6,TPEx,2024-11-04,-0.003749786943923583,-0.022799941485026398,-0.023289817232375887
467.26,TPEx,2024-11-05,-0.0007271171941831689,-0.012135306553911263,-0.0147390616763311
469.66,TPEx,2024-11-06,0.005136326670376334,0.002775642668033207,-0.02180659404744545
474.07,TPEx,2024-11-07,0.009389771323936369,0.012753685110019175,-0.008097250700924818
472.22,TPEx,2024-11-08,-0.0039023772860546924,0.006093403783876017,-0.005224352222456208
470.48,TPEx,2024-11-11,-0.0036847232222269044,0.006159110350727026,-0.01439195558814288
461.46,TPEx,2024-11-12,-0.01917190953919412,-0.01241278945340929,-0.03619540926084508
460.69,TPEx,2024-11-13,-0.0016686169982229604,-0.019098922624877668,-0.039709009046566934
453.86,TPEx,2024-11-14,-0.014825587705398435,-0.04263083510873922,-0.05246456084678175
454.36,TPEx,2024-11-15,0.0011016613052483581,-0.03782135445343271,-0.056326327157929734
446.08,TPEx,2024-11-18,-0.01822343516154601,-0.051861928243496114,-0.06285714285714294
454.07,TPEx,2024-11-19,0.017911585365853577,-0.01601438911281583,-0.05929271375002587
453.23,TPEx,2024-11-20,-0.0018499350320434482,-0.016193101651869934,-0.06475310043127458
457.01,TPEx,2024-11-21,0.008340136354610284,0.006940466223064323,-0.058759319520533926
459.9,TPEx,2024-11-22,0.006323712829040984,0.012192974733691297,-0.03933323585319504
463.82,TPEx,2024-11-25,0.00852359208523601,0.03976865136298424,-0.030699462916135456
460.15,TPEx,2024-11-26,-0.007912552283213303,0.013390005946219752,-0.027167019027484196
452.49,TPEx,2024-11-27,-0.016646745626426096,-0.0016327251064580661,-0.03388419164745071
447.95,TPEx,2024-11-28,-0.010033370903224426,-0.019824511498654274,-0.04304635761589415
454.85,TPEx,2024-11-29,0.01540350485545261,-0.010980647966949197,-0.030914436679734036
456.84,TPEx,2024-12-02,0.00437506870396831,-0.015048941399680937,-0.02301112061591115
459.1,TPEx,2024-12-03,0.004947027405656446,-0.002281864609366413,-0.017463510679279093
465.28,TPEx,2024-12-04,0.013461119581790415,0.028265818029127532,-0.009325895328535672
466.67,TPEx,2024-12-05,0.0029874484181569017,0.041790378390445415,-0.015609509144219214
463.35,TPEx,2024-12-06,-0.0071142348983221915,0.018687479388809436,-0.018783617805260278
461.49,TPEx,2024-12-09,-0.004014244091939179,0.010178618334646838,-0.01910814487332091
457.52,TPEx,2024-12-10,-0.008602569936510096,-0.003441516009584089,-0.00853811814675165
456.75,TPEx,2024-12-11,-0.0016829865361076557,-0.018333046767537775,-0.00855238880809217
456.04,TPEx,2024-12-12,-0.0015544608648055958,-0.022778408725651955,0.004803243290882664
452.35,TPEx,2024-12-13,-0.008091395491623521,-0.023740153231898153,-0.004423804912404239
443.16,TPEx,2024-12-16,-0.02031612689289264,-0.039719170512903856,-0.006545911047345698
449.75,TPEx,2024-12-17,0.01487047567469979,-0.01698286413708683,-0.009513951593366654
452.06,TPEx,2024-12-18,0.005136186770428042,-0.010268199233716468,-0.0025814707764270084
451.43,TPEx,2024-12-19,-0.0013936203158873006,-0.01010876238926417,-0.01220979847268111
447.28,TPEx,2024-12-20,-0.009193008882883325,-0.011208135293467536,-0.027440747988693226
450.44,TPEx,2024-12-23,0.0070649257735646565,0.016427475403917313,-0.02884739769738265
452.43,TPEx,2024-12-24,0.004417902495337911,0.00595886603668716,-0.016777137889818494
454.53,TPEx,2024-12-25,0.004641602015781343,0.005463876476573759,0.0045083869256778986
455.89,TPEx,2024-12-26,0.0029921017314589182,0.009879715570520364,0.017725192543810664
453.96,TPEx,2024-12-27,-0.004233477373927985,0.014934716508674617,-0.001956689018357771
450.82,TPEx,2024-12-30,-0.006916908978764624,0.0008436195719740969,-0.013177480080553305
453.52,TPEx,2024-12-31,0.005989086553391587,0.0024092124748580357,-0.012154214768024474
447.98,TPEx,2025-01-02,-0.012215558299523699,-0.01441048995665839,-0.0371819119669875
447.36,TPEx,2025-01-03,-0.001383990356712328,-0.018710653885805728,-0.04137827586945808
452.62,TPEx,2025-01-06,0.011757868383404757,-0.0029518019208740753,-0.023157440379842464
455.41,TPEx,2025-01-07,0.0061641111749370925,0.010181447140765743,-0.013174716678584497
454.18,TPEx,2025-01-08,-0.0027008629586526833,0.0014552831187157889,-0.007300227312467156
444.83,TPEx,2025-01-09,-0.020586551587476354,-0.0070315639091032,-0.026097427476737822
443.81,TPEx,2025-01-10,-0.0022930108131196114,-0.007935443490701077,-0.026817822997982632
430.0,TPEx,2025-01-13,-0.031116919402446985,-0.04997569705271532,-0.0494086437493092
435.58,TPEx,2025-01-14,0.01297674418604644,-0.04354318086998532,-0.01710443180792498
434.24,TPEx,2025-01-15,-0.0030763579595022295,-0.0439032982517944,-0.03448582545858814
442.8,TPEx,2025-01-16,0.01971260132645547,-0.004563541128071336,-0.020484006547803357
440.11,TPEx,2025-01-17,-0.006074977416440808,-0.008336900926071977,-0.025075870013069546
446.45,TPEx,2025-01-20,0.014405489536706728,0.038255813953488316,-0.0018556608835628152
445.55,TPEx,2025-01-21,-0.0020159032366445784,0.02288902153450567,-0.01085605186040317
448.93,TPEx,2025-01-22,0.007586129502861638,0.03382921886514367,-0.007736003359635757
436.89,TPEx,2025-02-03,-0.026819325952821216,-0.013346883468834725,-0.038809319516863505
436.66,TPEx,2025-02-04,-0.000526448305065208,-0.007838949353570657,-0.042181227927789555
444.14,TPEx,2025-02-05,0.01713003251958045,-0.005174151640721214,-0.02163186183804744
448.11,TPEx,2025-02-06,0.008938622956725428,0.005745707552463175,-0.0060112683554411905
453.54,TPEx,2025-02-07,0.012117560420432438,0.010268861515158267,4.4099488446081025e-05
450.04,TPEx,2025-02-10,-0.0077170701591920965,0.030099109615692843,0.004598419572302337
450.82,TPEx,2025-02-11,0.0017331792729533557,0.03242797599963354,0.007734263233190264
449.24,TPEx,2025-02-12,-0.003504724723836561,0.01148286576304769,-0.007467632892934506
452.73,TPEx,2025-02-13,0.007768675986109974,0.010309968534511604,-0.005884807096901756
452.23,TPEx,2025-02-14,-0.0011044110176042787,-0.0028883891167261755,-0.0042934519353560185
457.24,TPEx,2025-02-17,0.011078433540455013,0.01599857790418624,0.027898298226288754
462.78,TPEx,2025-02-18,0.012116175312745892,0.026529435251319677,0.042743516369617485
464.4,TPEx,2025-02-19,0.003500583430571691,0.03374588193393269,0.07999999999999985
464.38,TPEx,2025-02-20,-4.3066322136020574e-05,0.025732776710180483,0.06611873823407866
467.58,TPEx,2025-02-21,0.006890908307851218,0.03394290515887932,0.07677781871775968
468.63,TPEx,2025-02-24,0.002245605030155362,0.024910331554544696,0.05833333333333335
465.94,TPEx,2025-02-25,-0.0057401361415189145,0.006828298543584577,0.0586898729862988
465.43,TPEx,2025-02-26,-0.0010945615315276491,0.0022179155900086123,0.04251315936835032
461.34,TPEx,2025-02-27,-0.00878757278215847,-0.006546362892458801,0.03543934463023213
454.4,TPEx,2025-03-03,-0.015043135214809045,-0.028187689807091854,0.012184527654645505
456.0,TPEx,2025-03-04,0.0035211267605634866,-0.026950899430254083,0.04374098743390786
461.5,TPEx,2025-03-05,0.012061403508771829,-0.009529123921534932,0.05688636467732322
462.08,TPEx,2025-03-06,0.0012567713976163741,-0.007197645188320556,0.04039266897825011
456.6,TPEx,2025-03-07,-0.01185941828254844,-0.010274417999739827,0.018946240878355836
453.17,TPEx,2025-03-10,-0.007512045554095459,-0.0027068661971829666,-0.0008158045596859953
446.48,TPEx,2025-03-11,-0.014762671845003017,-0.02087719298245605,-0.007910407963736543
447.52,TPEx,2025-03-12,0.002329331660992473,-0.03029252437703145,-0.007319994676367569
442.56,TPEx,2025-03-13,-0.011083303539506595,-0.042243767313019376,-0.014869557474846418
443.74,TPEx,2025-03-14,0.0026663051337671995,-0.028164695575996546,-0.019857310096525582
445.19,TPEx,2025-03-17,0.003267679271645507,-0.017609285698523824,-0.015567299825310132
449.66,TPEx,2025-03-18,0.01004065679822097,0.007122379501881326,-0.016577727232962913
444.92,TPEx,2025-03-19,-0.01054129786950142,-0.005809796210225149,-0.03859285189506889
451.76,TPEx,2025-03-20,0.015373550301177596,0.020788141720896602,-0.027217915590008634
450.79,TPEx,2025-03-21,-0.0021471577828935384,0.015887681975931933,-0.029264826219906004
446.14,TPEx,2025-03-24,-0.010315224383859567,0.002133920348615259,-0.0458531160443133
446.72,TPEx,2025-03-25,0.0013000403460798893,-0.006538273362095781,-0.046753302178691
447.78,TPEx,2025-03-26,0.002372851002865106,0.006428121909556772,-0.038974975318710636
442.07,TPEx,2025-03-27,-0.012751797757827421,-0.021449442181689427,-0.05019014674601985
431.86,TPEx,2025-03-28,-0.023095889791209467,-0.041992945717518104,-0.06390081068192643
409.55,TPEx,2025-03-31,-0.051660260269531744,-0.08201461424664902,-0.09870158450704214
419.19,TPEx,2025-04-01,0.02353802954462214,-0.06162696991404015,-0.08072368421052634
422.03,TPEx,2025-04-02,0.0067749707769746426,-0.05750591808477379,-0.08552546045503795
381.16,TPEx,2025-04-07,-0.09684145676847611,-0.1377836089307123,-0.175121191135734
355.64,TPEx,2025-04-08,-0.06695351033686647,-0.17649238179039506,-0.22111257117827432
329.19,TPEx,2025-04-09,-0.07437296142166228,-0.1962153583201075,-0.27358386477480856
359.32,TPEx,2025-04-10,0.09152768917646337,-0.1428230635272788,-0.19521591112703818
364.56,TPEx,2025-04-11,0.014583101413781607,-0.13617515342511188,-0.18537718984626383
371.1,TPEx,2025-04-14,0.01793943383805141,-0.026393115751915164,-0.16146963123644242
385.09,TPEx,2025-04-15,0.037698733495014736,0.08280845799122716,-0.13217199260828416
378.69,TPEx,2025-04-16,-0.016619491547430365,0.15036908776086766,-0.1493744244030638
377.57,TPEx,2025-04-17,-0.0029575642345982533,0.05079038183235007,-0.1603211315215941
377.69,TPEx,2025-04-18,0.0003178218608470562,0.03601601931095022,-0.15110581677604962
367.16,TPEx,2025-04-21,-0.027880007413487173,-0.010617084343842675,-0.1872675757039135
362.63,TPEx,2025-04-22,-0.012337945309946696,-0.05832402814926374,-0.19556778100667727
376.56,TPEx,2025-04-23,0.038413810219783295,-0.0056246534104412715,-0.15596001255211367
378.84,TPEx,2025-04-24,0.006054811982154185,0.0033636146939639566,-0.15195200573065915
386.29,TPEx,2025-04-25,0.019665294055538185,0.02276999655802392,-0.1373218991469024
390.73,TPEx,2025-04-28,0.011493955318543136,0.0641954461270291,-0.11613545366118483
396.24,TPEx,2025-04-29,0.014101809433624268,0.09268400297824231,-0.08248043347381095
391.76,TPEx,2025-04-30,-0.011306279022814447,0.0403654132143616,-0.043437919667928315
398.73,TPEx,2025-05-02,0.017791505003063257,0.05250237567310756,-0.048808416231303164
390.72,TPEx,2025-05-05,-0.02008878188247687,0.011468068031789569,-0.07418903869393156
394.34,TPEx,2025-05-06,0.009264946764946602,0.00923911652547793,0.03457865463322474
391.0,TPEx,2025-05-07,-0.00846984835421205,-0.013224308499899085,0.0994263862332696
396.59,TPEx,2025-05-08,0.014296675191815877,0.012328976924647739,0.20474498010267617
398.12,TPEx,2025-05-09,0.0038578884994580065,-0.0015298572969177915,0.10798174329288668
402.59,TPEx,2025-05-12,0.011227770521450742,0.030379811629811515,0.10431753346499884
406.37,TPEx,2025-05-13,0.009389204898283765,0.030506669371608286,0.09504176771759631
412.22,TPEx,2025-05-14,0.01439574771759733,0.05427109974424549,0.07045106338777951
409.84,TPEx,2025-05-15,-0.005773616030275264,0.033409818704455585,0.08225725527476291
411.25,TPEx,2025-05-16,0.0034403669724771824,0.032980006028333175,0.08920200227772335
404.42,TPEx,2025-05-19,-0.01660790273556223,0.004545567450756405,0.07077232651115994
405.59,TPEx,2025-05-20,0.0028930319964393103,-0.0019194330290130956,0.10466826451683175
410.08,TPEx,2025-05-21,0.01107029266007542,-0.005191402649071031,0.13084962634089847
407.81,TPEx,2025-05-22,-0.005535505267264873,-0.0049531524497363755,0.082988102825579
407.46,TPEx,2025-05-23,-0.0008582428091513661,-0.00921580547112466,0.07554640481469743
405.47,TPEx,2025-05-26,-0.004883914985519988,0.0025963107660353923,0.049651815993165815
402.97,TPEx,2025-05-27,-0.00616568426763997,-0.006459725338395783,0.03132597957668981
402.29,TPEx,2025-05-28,-0.0016874705313050242,-0.0189962934061646,0.015268524126791805
404.84,TPEx,2025-05-29,0.006338710880210652,-0.007282803266226989,0.033387788441903155
395.56,TPEx,2025-06-02,-0.022922636103151817,-0.029205320767682674,-0.007950242018408438
396.41,TPEx,2025-06-03,0.0021488522600869864,-0.022344439785927483,0.014562858312858307
403.08,TPEx,2025-06-04,0.01682601347090129,0.00027297317418151223,0.022163615154435323
404.93,TPEx,2025-06-05,0.004589659620918951,0.006562430087747595,0.035626598465473114
405.13,TPEx,2025-06-06,0.0004939125280911671,0.0007163323782235498,0.021533573715928345
406.29,TPEx,2025-06-09,0.0028632784538296097,0.027126099706744844,0.020521450818848708
411.71,TPEx,2025-06-10,0.01334022496246523,0.038596402714361266,0.022653319754589063
417.42,TPEx,2025-06-11,0.013868985450924187,0.035576064304852606,0.02719196791101708
418.82,TPEx,2025-06-12,0.0033539360835608267,0.03430222507593905,0.016010867983115684
412.64,TPEx,2025-06-13,-0.014755742323671273,0.01853725964505215,0.006831934413429552
412.79,TPEx,2025-06-16,0.00036351298953096745,0.015998424770484077,0.0037446808510639418
413.1,TPEx,2025-06-17,0.0007509871847670713,0.0033761628330621907,0.02146283566589191
414.23,TPEx,2025-06-18,0.002735415153715781,-0.0076421829332566915,0.021302300352572967
408.56,TPEx,2025-06-19,-0.013688047702966943,-0.024497397449978475,-0.0037065938353491035
405.03,TPEx,2025-06-20,-0.008640101821030033,-0.018442225668863887,-0.006816900026973438
404.8,TPEx,2025-06-23,-0.0005678591709254999,-0.019356089052544934,-0.006528248171599582
413.95,TPEx,2025-06-24,0.02260375494071143,0.002057613168724215,0.02091400103583485
417.35,TPEx,2025-06-25,0.008213552361396426,0.0075320474132727355,0.0356850385884806
417.77,TPEx,2025-06-26,0.0010063495866776684,0.022542588603877034,0.03847970369633846
418.77,TPEx,2025-06-27,0.0023936615841251285,0.03392341308051261,0.03440865527121817
414.79,TPEx,2025-06-30,-0.009504023688420737,0.02467885375494072,0.048614622307614486
416.59,TPEx,2025-07-01,0.00433954531208558,0.006377581833554746,0.05090688933175236
418.09,TPEx,2025-07-02,0.0036006625219040522,0.0017730921289085266,0.0372382653567529
421.46,TPEx,2025-07-03,0.008060465450022702,0.008832611245422006,0.04082187044674379
416.79,TPEx,2025-07-04,-0.011080529587623844,-0.004728132387706752,0.028780885147977164
412.06,TPEx,2025-07-07,-0.011348640802322563,-0.006581643723329922,0.014201678603952717
410.81,TPEx,2025-07-08,-0.003033538805028435,-0.01387455291773676,-0.0021860047120545456
415.67,TPEx,2025-07-09,0.01183028650714446,-0.005788227415149727,-0.0041924201044512
416.37,TPEx,2025-07-10,0.0016840281954435543,-0.012077065439187518,-0.005849768396924637
419.11,TPEx,2025-07-11,0.006580685448039025,0.0055663523597015985,0.01567952694842978
415.83,TPEx,2025-07-14,-0.007826107704421381,0.00914915303596553,0.0073645194893285915
419.24,TPEx,2025-07-15,0.008200466536806061,0.020520435237701085,0.014863229242314091
420.71,TPEx,2025-07-16,0.0035063448144261322,0.012125003007193103,0.015643483089105015
426.55,TPEx,2025-07-17,0.013881295904542457,0.02444940797848072,0.04403270021539063
425.93,TPEx,2025-07-18,-0.0014535224475442643,0.01627257760492462,0.05160111596671868
424.93,TPEx,2025-07-21,-0.002347803629704437,0.021883942957458657,0.04972826086956528
414.57,TPEx,2025-07-22,-0.024380486197726703,-0.011139204274401293,0.0014977654306076449
420.99,TPEx,2025-07-23,0.015485925175483084,0.000665541584464524,0.00872169641787468
422.98,TPEx,2025-07-24,0.004726953134278844,-0.008369476028601608,0.01247097685329246
422.76,TPEx,2025-07-25,-0.0005201191545700645,-0.007442537506162972,0.009527903144924466
424.06,TPEx,2025-07-28,0.0030750307503075724,-0.0020473960417010106,0.02234865835724098
420.12,TPEx,2025-07-29,-0.009291138046502834,0.013387365221796177,0.008473559134880793
420.77,TPEx,2025-07-30,0.0015471769970483162,-0.00052257773343789,0.006410103087851837
421.9,TPEx,2025-07-31,0.0026855526772346927,-0.0025533122133435393,0.001043989939733203
425.61,TPEx,2025-08-01,0.008793552974638574,0.006741413567981969,0.021161736126106723
425.38,TPEx,2025-08-04,-0.0005404008364465751,0.003112767061264954,0.03232538950638264
431.14,TPEx,2025-08-05,0.013540834077765851,0.026230600780729363,0.04948759767289013
429.57,TPEx,2025-08-06,-0.00364150855870482,0.020914038548375702,0.033439988452377944
436.01,TPEx,2025-08-07,0.014991735921968452,0.033443944062574005,0.047169584744337856
436.47,TPEx,2025-08-08,0.0010550216738149931,0.025516317755691853,0.04142110663071752
437.22,TPEx,2025-08-11,0.0017183311567805504,0.02783393671540746,0.05143929009450998
441.17,TPEx,2025-08-12,0.00903435341475678,0.023263904996057017,0.052308939986642544
443.02,TPEx,2025-08-13,0.00419339483645742,0.031310380147589356,0.05302940267642797
447.09,TPEx,2025-08-14,0.00918694415601995,0.02541226118667006,0.048153792052514355
448.09,TPEx,2025-08-15,0.0022366861258360515,0.026622677389052996,0.05202732843424962
452.25,TPEx,2025-08-18,0.009283849226717988,0.034376286537669776,0.06429294236697802
449.8,TPEx,2025-08-19,-0.0054173576561635794,0.019561620237096733,0.08497961743493265
439.52,TPEx,2025-08-20,-0.0228546020453535,-0.00790032052728995,0.04401529727546971
447.54,TPEx,2025-08-21,0.018247178740444125,0.0010065087566262232,0.05806421107380966
444.73,TPEx,2025-08-22,-0.006278768378245481,-0.007498493606195034,0.05196801968019682
450.86,TPEx,2025-08-25,0.01378364400872445,-0.00307352128247651,0.06319860397113608
456.01,TPEx,2025-08-26,0.01142261455884297,0.013806136060471319,0.08542797296010662
462.49,TPEx,2025-08-27,0.014210214688274325,0.05226155806334187,0.09915155548161714
463.03,TPEx,2025-08-28,0.0011675928128174196,0.0346114313804351,0.09748755629296046
464.89,TPEx,2025-08-29,0.004017018335745082,0.04533087491286847,0.09229106458964775
460.11,TPEx,2025-09-01,-0.010282002194067386,0.020516346537727825,0.08164464713902864
457.76,TPEx,2025-09-02,-0.005107474299624104,0.003837635139580353,0.06174328524377226
463.02,TPEx,2025-09-03,0.01149073750436913,0.0011459707236911587,0.0778685662406593
463.64,TPEx,2025-09-04,0.0013390350308841725,0.0013174092391421421,0.06337010619022498
470.76,TPEx,2025-09-05,0.015356742300060455,0.012626642861752302,0.07856210048800594
473.97,TPEx,2025-09-08,0.006818761152179498,0.03012323140118678,0.0840537944284343
473.7,TPEx,2025-09-09,-0.000569656307361277,0.034821740650122335,0.07373574812430572
475.77,TPEx,2025-09-10,0.004369854338188706,0.027536607489957232,0.07392442779107045
468.25,TPEx,2025-09-11,-0.015805956659730502,0.009943059270123511,0.04732827842268894
471.01,TPEx,2025-09-12,0.005894287239722296,0.0005310561644999989,0.05115043852797441
466.88,TPEx,2025-09-15,-0.008768391329271097,-0.014958752663670749,0.03234936428966284
473.28,TPEx,2025-09-16,0.013708019191226883,-0.0008866371120962446,0.05220097821253877
470.65,TPEx,2025-09-17,-0.005556964164976308,-0.0107615024066251,0.07082726610848189
478.99,TPEx,2025-09-18,0.01772017422713268,0.02293646556326756,0.07027304821915359
480.52,TPEx,2025-09-19,0.0031942211737197024,0.020190654126239327,0.08047579430216079
