date,stock_id,AccountsPayable,AccountsPayableToRelatedParties,AccountsPayableToRelatedParties_per,AccountsPayable_per,AccountsReceivableDuefromRelatedPartiesNet,AccountsReceivableDuefromRelatedPartiesNet_per,AccountsReceivableNet,AccountsReceivableNet_per,BillsReceivableNet,BillsReceivableNet_per,BondsPayable,BondsPayable_per,CapitalStock,CapitalStock_per,CapitalSurplus,CapitalSurplusAdditionalPaidInCapital,CapitalSurplusAdditionalPaidInCapital_per,CapitalSurplusChangesInEquityOfAssociatesAndJointVenturesAccountedForUsingEquityMethod,CapitalSurplusChangesInEquityOfAssociatesAndJointVenturesAccountedForUsingEquityMethod_per,CapitalSurplus_per,CashAndCashEquivalents,CashAndCashEquivalents_per,CurrentAssets,CurrentAssets_per,CurrentContractLiabilities,CurrentContractLiabilities_per,CurrentFinancialAssetsAtFairvalueThroughProfitOrLoss,CurrentFinancialAssetsAtFairvalueThroughProfitOrLoss_per,CurrentFinancialLiabilitiesAtFairValueThroughProfitOrLoss,CurrentFinancialLiabilitiesAtFairValueThroughProfitOrLoss_per,CurrentIncomeTaxAssets,CurrentIncomeTaxAssets_per,CurrentLiabilities,CurrentLiabilities_per,CurrentProvisions,CurrentProvisions_per,CurrentTaxLiabilities,CurrentTaxLiabilities_per,DeferredTaxAssets,DeferredTaxAssets_per,Equity,EquityAttributableToOwnersOfParent,EquityAttributableToOwnersOfParent_per,Equity_per,FinancialAssetsAtAmortizedCost,FinancialAssetsAtAmortizedCostNonCurrent,FinancialAssetsAtAmortizedCostNonCurrent_per,FinancialAssetsAtAmortizedCost_per,FinancialAssetsAtFairvalueThroughOtherComprehensiveIncome,FinancialAssetsAtFairvalueThroughOtherComprehensiveIncomeNonCurrent,FinancialAssetsAtFairvalueThroughOtherComprehensiveIncomeNonCurrent_per,FinancialAssetsAtFairvalueThroughOtherComprehensiveIncome_per,HedgingAinancialAssets,HedgingAinancialAssets_per,IntangibleAssets,IntangibleAssets_per,Inventories,Inventories_per,InvestmentAccountedForUsingEquityMethod,InvestmentAccountedForUsingEquityMethod_per,LegalReserve,LegalReserve_per,Liabilities,Liabilities_per,LongtermBorrowings,LongtermBorrowings_per,NonCurrentFinancialAssetsAtFairvalueThroughProfitOrLoss,NonCurrentFinancialAssetsAtFairvalueThroughProfitOrLoss_per,NoncontrollingInterests,NoncontrollingInterests_per,NoncurrentAssets,NoncurrentAssets_per,NoncurrentLiabilities,NoncurrentLiabilities_per,NumberOfSharesInEntityHeldByEntityAndByItsSubsidiaries,OrdinaryShare,OrdinaryShare_per,OtherCurrentAssets,OtherCurrentAssets_per,OtherCurrentLiabilities,OtherCurrentLiabilities_per,OtherEquityInterest,OtherEquityInterest_per,OtherNoncurrentAssets,OtherNoncurrentAssets_per,OtherNoncurrentLiabilities,OtherNoncurrentLiabilities_per,OtherPayables,OtherPayables_per,OtherReceivable,OtherReceivable_per,Prepayments,Prepayments_per,PropertyPlantAndEquipment,PropertyPlantAndEquipment_per,RetainedEarnings,RetainedEarnings_per,RightOfUseAsset,RightOfUseAsset_per,ShorttermBorrowings,ShorttermBorrowings_per,TotalAssets,TotalAssets_per,TotalLiabilitiesEquity,TotalLiabilitiesEquity_per,UnappropriatedRetainedEarningsAaccumulatedDeficit,UnappropriatedRetainedEarningsAaccumulatedDeficit_per
2024-09-30,2308,63553060000.0,31738000.0,0.01,12.16,4040000.0,0.0,85173252000.0,16.3,2624537000.0,0.5,29100000000.0,5.57,25975433000.0,4.97,54638435000.0,48134650000.0,9.21,,,10.46,120444815000.0,23.05,308468362000.0,59.03,10899527000.0,2.09,5815595000.0,1.11,57464000.0,0.01,1731549000.0,0.33,135970693000.0,26.02,,,6123312000.0,1.17,9365861000.0,1.79,267723789000.0,218586243000.0,41.83,51.23,135263000.0,,,0.03,,1773277000.0,0.34,,0.0,0.0,79544654000.0,15.22,80635736000.0,15.43,235957000.0,0.05,39039276000.0,7.47,254844890000.0,48.77,47520225000.0,9.09,1458617000.0,0.28,49137546000.0,9.4,214100317000.0,40.97,118874197000.0,22.75,0.0,25975433000.0,4.97,109657000.0,0.02,6869706000.0,1.31,4074151000.0,0.78,3331733000.0,0.64,13254746000.0,2.54,46845651000.0,8.96,2682243000.0,0.51,3646894000.0,0.7,108592011000.0,20.78,133898224000.0,25.62,4577746000.0,0.88,1585979000.0,0.3,522568679000.0,100.0,522568679000.0,100.0,90863210000.0,17.39
2024-12-31,2308,69188388000.0,31795000.0,0.01,13.01,11511000.0,0.0,87480791000.0,16.45,2428199000.0,0.46,24100000000.0,4.53,25975433000.0,4.88,55097489000.0,48134650000.0,9.05,,,10.36,117459250000.0,22.08,310924848000.0,58.46,10771046000.0,2.03,4180276000.0,0.79,288931000.0,0.05,1954568000.0,0.37,152283126000.0,28.63,,,6130382000.0,1.15,9206364000.0,1.73,279565336000.0,230087286000.0,43.26,52.56,153016000.0,,,0.03,,2088104000.0,0.39,,,,78782813000.0,14.81,83856341000.0,15.77,233811000.0,0.04,39039276000.0,7.34,252332381000.0,47.44,32208906000.0,6.06,1461913000.0,0.27,49478050000.0,9.3,220972869000.0,41.54,100049255000.0,18.81,0.0,25975433000.0,4.88,106853000.0,0.02,12484327000.0,2.35,7546564000.0,1.42,3535299000.0,0.66,14169727000.0,2.66,51467315000.0,9.68,2259790000.0,0.42,5184675000.0,0.97,115710424000.0,21.75,141467800000.0,26.6,4511414000.0,0.85,1917874000.0,0.36,531897717000.0,100.0,531897717000.0,100.0,98432786000.0,18.51
2025-03-31,2308,67774462000.0,27625000.0,0.0,11.96,5685000.0,0.0,93005507000.0,16.42,2298939000.0,0.41,34019180000.0,6.0,25975433000.0,4.58,55091548000.0,48134650000.0,8.5,,,9.72,140291096000.0,24.76,338083519000.0,59.67,11504580000.0,2.03,3974524000.0,0.7,65220000.0,0.01,1617451000.0,0.29,157927281000.0,27.87,,,6825738000.0,1.2,9546203000.0,1.68,299469498000.0,244969538000.0,43.24,52.86,126770000.0,,,0.02,,2074396000.0,0.37,,,,80762895000.0,14.25,83434958000.0,14.73,253600000.0,0.04,39039276000.0,6.89,267099175000.0,47.14,30262698000.0,5.34,1518883000.0,0.27,54499960000.0,9.62,228485154000.0,40.33,109171894000.0,19.27,0.0,25975433000.0,4.58,122944000.0,0.02,19069412000.0,3.37,12215830000.0,2.16,4500888000.0,0.79,13729055000.0,2.42,51135150000.0,9.03,2398063000.0,0.42,4585516000.0,0.81,119804425000.0,21.15,151686727000.0,26.77,4819319000.0,0.85,1517683000.0,0.27,566568673000.0,100.0,566568673000.0,100.0,108651713000.0,19.18
2025-06-30,2308,69418511000.0,26060000.0,0.0,12.7,6675000.0,0.0,89759182000.0,16.43,1677296000.0,0.31,23445265000.0,4.29,25975433000.0,4.75,55104321000.0,48134650000.0,8.81,,,10.08,139527968000.0,25.53,331615258000.0,60.69,10211443000.0,1.87,3697138000.0,0.68,149314000.0,0.03,1867014000.0,0.34,183955819000.0,33.67,,,8241808000.0,1.51,9072147000.0,1.66,260897863000.0,212197761000.0,38.83,47.75,124286000.0,,,0.02,,1750412000.0,0.32,,,,71869905000.0,13.15,81529671000.0,14.92,222129000.0,0.04,42601564000.0,7.8,285521053000.0,52.25,35203095000.0,6.44,1517658000.0,0.28,48700102000.0,8.91,214803658000.0,39.31,101565234000.0,18.59,0.0,25975433000.0,4.75,105549000.0,0.02,25841716000.0,4.73,-16337834000.0,-2.99,3929574000.0,0.72,13107584000.0,2.4,68454200000.0,12.53,1754161000.0,0.32,5056108000.0,0.93,117057726000.0,21.42,147455841000.0,26.99,4319248000.0,0.79,1609213000.0,0.29,546418916000.0,100.0,546418916000.0,100.0,104326720000.0,19.09
2024-09-30,2344,5822254000.0,1475783000.0,0.79,3.13,26716000.0,0.01,11535913000.0,6.19,,,0.0,0.0,45000002000.0,24.16,13699048000.0,,,,,7.35,15504660000.0,8.32,64921671000.0,34.86,,,296858000.0,0.16,2705000.0,0.0,,,42394250000.0,22.76,,,494585000.0,0.27,1537701000.0,0.83,105287829000.0,97569716000.0,52.38,56.53,,,,,11519823000.0,3438391000.0,1.85,6.18,,,938239000.0,0.5,23057175000.0,12.38,9421210000.0,5.06,4772874000.0,2.56,80968008000.0,43.47,31429612000.0,16.87,0.0,0.0,7718113000.0,4.14,121334166000.0,65.14,38573758000.0,20.71,0.0,45000002000.0,24.16,2032703000.0,1.09,20452113000.0,10.98,10301419000.0,5.53,1553433000.0,0.83,3120491000.0,1.68,11432528000.0,6.14,900262000.0,0.48,,,100915377000.0,54.18,28569247000.0,15.34,2046261000.0,1.1,2422580000.0,1.3,186255837000.0,100.0,186255837000.0,100.0,23796373000.0,12.78
2024-12-31,2344,5506722000.0,1554595000.0,0.87,3.1,28329000.0,0.02,10010017000.0,5.63,,,0.0,0.0,45000002000.0,25.31,13699048000.0,,,,,7.71,14100396000.0,7.93,59515489000.0,33.48,,,201804000.0,0.11,142481000.0,0.08,,,41761715000.0,23.49,,,280031000.0,0.16,1665713000.0,0.94,99159421000.0,91651488000.0,51.55,55.78,,,,,8318400000.0,3442851000.0,1.94,4.68,,,815589000.0,0.46,24201163000.0,13.61,7390428000.0,4.16,4772874000.0,2.68,78624727000.0,44.22,31127718000.0,17.51,0.0,0.0,7507933000.0,4.22,118268659000.0,66.52,36863012000.0,20.73,0.0,45000002000.0,25.31,1932190000.0,1.09,21636000000.0,12.17,4967405000.0,2.79,1347536000.0,0.76,1960464000.0,1.1,10234795000.0,5.76,700684000.0,0.39,,,100252092000.0,56.39,27985033000.0,15.74,1984623000.0,1.12,2119990000.0,1.19,177784148000.0,100.0,177784148000.0,100.0,23212159000.0,13.06
2025-03-31,2344,5583490000.0,1461964000.0,0.81,3.08,26114000.0,0.01,11829058000.0,6.52,,,4783234000.0,2.64,45000002000.0,24.82,13757780000.0,,,,,7.59,18378489000.0,10.14,64384031000.0,35.51,,,209165000.0,0.12,99258000.0,0.05,,,44859074000.0,24.74,,,425814000.0,0.23,2100033000.0,1.16,98055532000.0,90434304000.0,49.88,54.08,,,,,7948245000.0,3310935000.0,1.83,4.38,,,747188000.0,0.41,23539566000.0,12.98,7601215000.0,4.19,4772874000.0,2.63,83246539000.0,45.92,28012291000.0,15.45,0.0,0.0,7621228000.0,4.2,116918040000.0,64.49,38387465000.0,21.17,0.0,45000002000.0,24.82,1713233000.0,0.94,21580685000.0,11.9,4782631000.0,2.64,1365901000.0,0.75,1828368000.0,1.01,9278659000.0,5.12,740161000.0,0.41,,,98400631000.0,54.27,26893891000.0,14.83,1973685000.0,1.09,6118230000.0,3.37,181302071000.0,100.0,181302071000.0,100.0,22121017000.0,12.2
2025-06-30,2344,6126360000.0,1297451000.0,0.72,3.41,22537000.0,0.01,11832811000.0,6.59,,,4810433000.0,2.68,45000002000.0,25.06,13757786000.0,,,,,7.66,20317197000.0,11.31,64974715000.0,36.18,,,574453000.0,0.32,5321000.0,0.0,,,42031009000.0,23.41,,,326792000.0,0.18,2338181000.0,1.3,94303608000.0,87662743000.0,48.82,52.52,,,,,7943573000.0,2831676000.0,1.58,4.42,,,803756000.0,0.45,21628915000.0,12.04,7624979000.0,4.25,4823815000.0,2.69,85268971000.0,47.48,33265816000.0,18.52,0.0,0.0,6640865000.0,3.7,114597864000.0,63.82,43237962000.0,24.08,0.0,45000002000.0,25.06,1678404000.0,0.93,21277420000.0,11.85,3631715000.0,2.02,1265534000.0,0.7,1696179000.0,0.94,9459068000.0,5.27,976825000.0,0.54,,,96602990000.0,53.8,25273240000.0,14.07,1866666000.0,1.04,3254400000.0,1.81,179572579000.0,100.0,179572579000.0,100.0,20449425000.0,11.39
2024-09-30,2379,11655901000.0,402128000.0,0.33,9.47,3118739000.0,2.53,15226478000.0,12.37,,,,,5128636000.0,4.17,286931000.0,213534000.0,0.17,72125000.0,0.06,0.23,19262450000.0,15.65,95298366000.0,77.44,183561000.0,0.15,6801664000.0,5.53,,,,,69997432000.0,56.88,,,1880199000.0,1.53,322264000.0,0.26,47974725000.0,47965019000.0,38.97,38.98,34101983000.0,7777144000.0,6.32,27.71,,3573858000.0,2.9,,,,2566968000.0,2.09,14846142000.0,12.06,125404000.0,0.1,8882764000.0,7.22,75091967000.0,61.02,2234880000.0,1.82,53000000.0,0.04,9706000.0,0.01,27768326000.0,22.56,5094535000.0,4.14,0.0,5128636000.0,4.17,,,9663524000.0,7.85,4881325000.0,3.97,2184082000.0,1.77,87594000.0,0.07,39857053000.0,32.39,1467768000.0,1.19,473142000.0,0.38,9417839000.0,7.65,37668127000.0,30.61,1715504000.0,1.39,6145754000.0,4.99,123066692000.0,100.0,123066692000.0,100.0,28785363000.0,23.39
2024-12-31,2379,9255237000.0,328371000.0,0.29,8.13,2641074000.0,2.32,12305290000.0,10.8,,,,,5128636000.0,4.5,287282000.0,213534000.0,0.19,72125000.0,0.06,0.25,14812459000.0,13.01,84658007000.0,74.33,413754000.0,0.36,7520809000.0,6.6,,,,,57960975000.0,50.89,,,2134229000.0,1.87,437137000.0,0.38,52957488000.0,52947763000.0,46.49,46.5,32766211000.0,9067774000.0,7.96,28.77,,3340653000.0,2.93,,,,2659135000.0,2.33,13506049000.0,11.86,120646000.0,0.11,8882764000.0,7.8,60939242000.0,53.5,0.0,0.0,0.0,0.0,9725000.0,0.01,29238723000.0,25.67,2978267000.0,2.61,0.0,5128636000.0,4.5,,,9892091000.0,8.69,6597430000.0,5.79,2290454000.0,2.01,84347000.0,0.07,31243185000.0,27.43,604664000.0,0.53,501451000.0,0.44,9610167000.0,8.44,40934415000.0,35.94,1681636000.0,1.48,4500000000.0,3.95,113896730000.0,100.0,113896730000.0,100.0,32051651000.0,28.14
2025-03-31,2379,12797510000.0,367050000.0,0.29,10.02,3956458000.0,3.1,16119883000.0,12.62,,,,,5128636000.0,4.02,287282000.0,213534000.0,0.17,72125000.0,0.06,0.22,10568080000.0,8.28,96252976000.0,75.37,324901000.0,0.25,6905333000.0,5.41,,,,,79285603000.0,62.08,,,2853676000.0,2.23,519636000.0,0.41,45374203000.0,45364498000.0,35.52,35.53,42369021000.0,9919379000.0,7.77,33.18,,3339920000.0,2.62,,,,4070049000.0,3.19,15149433000.0,11.86,122193000.0,0.1,8882764000.0,6.96,82333805000.0,64.47,0.0,0.0,0.0,0.0,9705000.0,0.01,31455032000.0,24.63,3048202000.0,2.39,0.0,5128636000.0,4.02,,,11065300000.0,8.66,7330633000.0,5.74,2305133000.0,1.81,75600000.0,0.06,47761539000.0,37.4,677132000.0,0.53,507636000.0,0.4,9515432000.0,7.45,32617947000.0,25.54,1632599000.0,1.28,3879714000.0,3.04,127708008000.0,100.0,127708008000.0,100.0,23735183000.0,18.59
2025-06-30,2379,12114782000.0,393653000.0,0.32,9.7,3265633000.0,2.62,15360464000.0,12.3,,,,,5128636000.0,4.11,287282000.0,213534000.0,0.17,72125000.0,0.06,0.23,10547038000.0,8.45,93591093000.0,74.96,257024000.0,0.21,5462041000.0,4.37,,,,,78437604000.0,62.82,,,3061499000.0,2.45,719715000.0,0.58,43291613000.0,43281948000.0,34.66,34.67,41282720000.0,9965980000.0,7.98,33.06,,3301184000.0,2.64,,,,3657474000.0,2.93,16470252000.0,13.19,109411000.0,0.09,8882764000.0,7.11,81570641000.0,65.33,0.0,0.0,0.0,0.0,9665000.0,0.01,31271161000.0,25.04,3133037000.0,2.51,0.0,5128636000.0,4.11,,,10632072000.0,8.52,1339029000.0,1.07,2287393000.0,1.83,77239000.0,0.06,48851687000.0,39.12,797273000.0,0.64,405672000.0,0.32,9604012000.0,7.69,36527001000.0,29.25,1598929000.0,1.28,2931555000.0,2.35,124862254000.0,100.0,124862254000.0,100.0,27644237000.0,22.14
2024-09-30,2383,14467226000.0,,,20.62,,,23391238000.0,33.34,46989000.0,0.07,2792546000.0,3.98,3452219000.0,4.92,5078465000.0,,,,,7.24,13600992000.0,19.38,47407503000.0,67.56,,,2850000.0,0.0,,,242000.0,0.0,30763477000.0,43.84,,,693185000.0,0.99,90336000.0,0.13,32094647000.0,32106764000.0,45.76,45.74,,,,,,,,,,,773912000.0,1.1,8740580000.0,12.46,,,4010652000.0,5.72,38071498000.0,54.26,2510264000.0,3.58,0.0,0.0,-12117000.0,-0.02,22758642000.0,32.44,7308021000.0,10.42,0.0,3452219000.0,4.92,1197726000.0,1.71,2805173000.0,4.0,236087000.0,0.34,349807000.0,0.5,519333000.0,0.74,4420372000.0,6.3,426886000.0,0.61,,,19377817000.0,27.62,23339993000.0,33.26,2166770000.0,3.09,8336627000.0,11.88,70166145000.0,100.0,70166145000.0,100.0,18470188000.0,26.32
2024-12-31,2383,15963366000.0,,,20.98,,,25864534000.0,34.0,32281000.0,0.04,5831882000.0,7.67,3466329000.0,4.56,5690867000.0,,,,,7.48,14988308000.0,19.7,51493766000.0,67.68,,,567000.0,0.0,0.0,0.0,254000.0,0.0,30181993000.0,39.67,,,790235000.0,1.04,126241000.0,0.17,35093850000.0,35110817000.0,46.15,46.13,,,,,,,,,,,584624000.0,0.77,9437499000.0,12.4,,,4010652000.0,5.27,40985986000.0,53.87,2939986000.0,3.86,18300000.0,0.02,-16967000.0,-0.02,24586070000.0,32.32,10803993000.0,14.2,0.0,3466329000.0,4.56,722552000.0,0.95,2102341000.0,2.76,-43858000.0,-0.06,334486000.0,0.44,505541000.0,0.66,5235758000.0,6.88,448025000.0,0.59,,,21386978000.0,28.11,25997479000.0,34.17,2135441000.0,2.81,6046780000.0,7.95,76079836000.0,100.0,76079836000.0,100.0,21127674000.0,27.77
2025-03-31,2383,18053254000.0,,,20.65,,,30209826000.0,34.56,28948000.0,0.03,5836988000.0,6.68,3467736000.0,3.97,5723623000.0,,,,,6.55,18426736000.0,21.08,60358431000.0,69.05,,,352000.0,0.0,,,,,40251111000.0,46.05,,,1197683000.0,1.37,120196000.0,0.14,33272402000.0,33291350000.0,38.08,38.06,,,,,,,,,,,581634000.0,0.67,10557730000.0,12.08,,,4010652000.0,4.59,54142964000.0,61.94,5548430000.0,6.35,11987000.0,0.01,-18948000.0,-0.02,27056935000.0,30.95,13891853000.0,15.89,0.0,3467736000.0,3.97,691180000.0,0.79,2137301000.0,2.44,527307000.0,0.6,331130000.0,0.38,570627000.0,0.65,11504123000.0,13.16,443659000.0,0.51,,,23841845000.0,27.27,23572684000.0,26.97,2170143000.0,2.48,7314439000.0,8.37,87415366000.0,100.0,87415366000.0,100.0,18702879000.0,21.4
2025-06-30,2383,17013748000.0,,,19.42,,,30520326000.0,34.84,43873000.0,0.05,3248727000.0,3.71,3524741000.0,4.02,8349282000.0,,,,,9.53,17620241000.0,20.11,59966412000.0,68.45,,,0.0,0.0,1200000.0,0.0,,,39643325000.0,45.25,,,984736000.0,1.12,744782000.0,0.85,36391172000.0,36408195000.0,41.56,41.54,,,,,,,,,,,516697000.0,0.59,10936015000.0,12.48,,,4966823000.0,5.67,51219480000.0,58.46,5865537000.0,6.7,17268000.0,0.02,-17023000.0,-0.02,27644240000.0,31.55,11576155000.0,13.21,0.0,3524741000.0,4.02,404003000.0,0.46,2132306000.0,2.43,-2516391000.0,-2.87,306348000.0,0.35,503356000.0,0.57,12347441000.0,14.09,441954000.0,0.5,,,24136771000.0,27.55,27050563000.0,30.88,1922374000.0,2.19,7124876000.0,8.13,87610652000.0,100.0,87610652000.0,100.0,22039882000.0,25.16
2024-09-30,2454,33607925000.0,2074573000.0,0.31,4.97,60997000.0,0.01,47157636000.0,6.97,0.0,0.0,,,16016943000.0,2.37,31734013000.0,,,,,4.69,179830328000.0,26.58,327087799000.0,48.35,4187035000.0,0.62,7291975000.0,1.08,114798000.0,0.02,1829576000.0,0.27,228948081000.0,33.84,,,11926739000.0,1.76,13979663000.0,2.07,423458084000.0,415151895000.0,61.37,62.59,5281890000.0,69323418000.0,10.25,0.78,5615773000.0,75585002000.0,11.17,0.83,,,83551759000.0,12.35,55634684000.0,8.22,18029648000.0,2.67,83606434000.0,12.36,253070216000.0,37.41,,,3846267000.0,0.57,8306189000.0,1.23,349440501000.0,51.65,24122135000.0,3.57,7794085.0,16016943000.0,2.37,1170300000.0,0.17,102915753000.0,15.21,45186499000.0,6.68,16991732000.0,2.51,5805925000.0,0.86,53950666000.0,7.97,7678086000.0,1.13,14808662000.0,2.19,56743986000.0,8.39,322270410000.0,47.64,9107350000.0,1.35,19133800000.0,2.83,676528300000.0,100.0,676528300000.0,100.0,238663976000.0,35.28
2024-12-31,2454,38735333000.0,2041173000.0,0.29,5.55,40666000.0,0.01,43944786000.0,6.3,0.0,0.0,,,16016880000.0,2.3,31636053000.0,,,,,4.53,203695892000.0,29.19,351025462000.0,50.3,4318428000.0,0.62,5271003000.0,0.76,4229000.0,0.0,1574062000.0,0.23,266902326000.0,38.25,,,13059756000.0,1.87,14390228000.0,2.06,405055347000.0,396627077000.0,56.83,58.04,4390824000.0,72942395000.0,10.45,0.63,6266087000.0,74233421000.0,10.64,0.9,,,82257042000.0,11.79,58414245000.0,8.37,18266368000.0,2.62,89308524000.0,12.8,292812183000.0,41.96,,,4528285000.0,0.65,8428270000.0,1.21,346842068000.0,49.7,25909857000.0,3.71,7794085.0,16016880000.0,2.3,3777240000.0,0.54,96403851000.0,13.81,49122847000.0,7.04,11834442000.0,1.7,6978100000.0,1.0,110342579000.0,15.81,7056968000.0,1.01,15865797000.0,2.27,56917043000.0,8.16,299907267000.0,42.97,8918559000.0,1.28,940000000.0,0.13,697867530000.0,100.0,697867530000.0,100.0,210598743000.0,30.18
2025-03-31,2454,38868406000.0,1939604000.0,0.27,5.41,99439000.0,0.01,79052090000.0,11.01,0.0,0.0,,,16016624000.0,2.23,31915520000.0,,,,,4.44,195689046000.0,27.24,378495778000.0,52.69,4560117000.0,0.63,3619752000.0,0.5,9664000.0,0.0,1026274000.0,0.14,296541411000.0,41.28,,,19178161000.0,2.67,16390432000.0,2.28,395791794000.0,387769593000.0,53.99,55.1,5221389000.0,72255945000.0,10.06,0.73,5914665000.0,73397875000.0,10.22,0.82,,,81645990000.0,11.37,54537417000.0,7.59,19160482000.0,2.67,94259643000.0,13.12,322492017000.0,44.9,,,4680125000.0,0.65,8022201000.0,1.12,339788033000.0,47.31,25950606000.0,3.61,7794085.0,16016624000.0,2.23,2383008000.0,0.33,113304979000.0,15.77,50262488000.0,7.0,3210489000.0,0.45,6471311000.0,0.9,86369083000.0,12.02,8577975000.0,1.19,21828804000.0,3.04,57367961000.0,7.99,289630931000.0,40.32,9104278000.0,1.27,31240000000.0,4.35,718283811000.0,100.0,718283811000.0,100.0,195371288000.0,27.2
2025-06-30,2454,36991541000.0,2078817000.0,0.31,5.53,63152000.0,0.01,69669376000.0,10.41,0.0,0.0,,,16016580000.0,2.39,32297807000.0,,,,,4.83,185348556000.0,27.7,349132017000.0,52.17,3877864000.0,0.58,1190958000.0,0.18,403000.0,0.0,1166103000.0,0.17,258215059000.0,38.58,,,17831464000.0,2.66,14712901000.0,2.2,384527672000.0,376391299000.0,56.24,57.46,4537826000.0,62677014000.0,9.37,0.68,5657972000.0,63141664000.0,9.44,0.85,,,81341859000.0,12.15,55482287000.0,8.29,18075748000.0,2.7,94259643000.0,14.09,284686729000.0,42.54,,,4775088000.0,0.71,8136373000.0,1.22,320082384000.0,47.83,26471670000.0,3.96,7794085.0,16016580000.0,2.39,1507223000.0,0.23,90614438000.0,13.54,10665830000.0,1.59,6427794000.0,0.96,6514175000.0,0.97,99845061000.0,14.92,6482003000.0,0.97,17662615000.0,2.64,57617021000.0,8.61,317467052000.0,47.44,8979708000.0,1.34,5940000000.0,0.89,669214401000.0,100.0,669214401000.0,100.0,223207409000.0,33.35
2024-09-30,3035,824979000.0,586630000.0,3.18,4.48,147051000.0,0.8,1064100000.0,5.77,25049000.0,0.14,,,2605503000.0,14.14,4325263000.0,,,,,23.47,8319202000.0,45.15,10900525000.0,59.16,915500000.0,4.97,27731000.0,0.15,61483000.0,0.33,8146000.0,0.04,3888304000.0,21.1,,,227956000.0,1.24,89582000.0,0.49,13520341000.0,13151556000.0,71.37,73.37,45250000.0,125803000.0,0.68,0.25,,2682347000.0,14.56,,,,2289816000.0,12.43,841593000.0,4.57,,,2073387000.0,11.25,4906714000.0,26.63,,,967757000.0,5.25,368785000.0,2.0,7526530000.0,40.84,1018410000.0,5.53,0.0,2605503000.0,14.14,263179000.0,1.43,35071000.0,0.19,1258424000.0,6.83,190573000.0,1.03,536747000.0,2.91,1073054000.0,5.82,144751000.0,0.79,,,590582000.0,3.2,4962366000.0,26.93,590070000.0,3.2,25000000.0,0.14,18427055000.0,100.0,18427055000.0,100.0,2888979000.0,15.68
2024-12-31,3035,1071241000.0,603360000.0,3.29,5.84,234760000.0,1.28,796594000.0,4.35,22395000.0,0.12,,,2605503000.0,14.21,4325263000.0,,,,,23.6,8310879000.0,45.34,11024143000.0,60.14,683073000.0,3.73,23307000.0,0.13,65497000.0,0.36,7018000.0,0.04,3872277000.0,21.13,,,213426000.0,1.16,89898000.0,0.49,13473332000.0,13074685000.0,71.33,73.5,0.0,125992000.0,0.69,0.0,,2459636000.0,13.42,,,,2114900000.0,11.54,1073517000.0,5.86,,,2073387000.0,11.31,4856669000.0,26.5,,,1024515000.0,5.59,398647000.0,2.17,7305858000.0,39.86,984392000.0,5.37,0.0,2605503000.0,14.21,354257000.0,1.93,19387000.0,0.11,936176000.0,5.11,189928000.0,1.04,438229000.0,2.39,1154371000.0,6.3,199617000.0,1.09,,,581509000.0,3.17,5207743000.0,28.41,719480000.0,3.93,25000000.0,0.14,18330001000.0,100.0,18330001000.0,100.0,3134356000.0,17.1
2025-03-31,3035,1879301000.0,365871000.0,1.88,9.66,130912000.0,0.67,2005954000.0,10.31,18356000.0,0.09,,,2605503000.0,13.39,4325263000.0,,,,,22.22,6793943000.0,34.91,12341613000.0,63.41,1083925000.0,5.57,23292000.0,0.12,94804000.0,0.49,7115000.0,0.04,4963182000.0,25.5,,,280799000.0,1.44,80912000.0,0.42,13683784000.0,13265541000.0,68.15,70.3,0.0,126000000.0,0.65,0.0,,2429458000.0,12.48,,,,2006820000.0,10.31,2525571000.0,12.98,,,2073387000.0,10.65,5780244000.0,29.7,,,980772000.0,5.04,418243000.0,2.15,7122415000.0,36.59,817062000.0,4.2,0.0,2605503000.0,13.39,437717000.0,2.25,18509000.0,0.1,780815000.0,4.01,149094000.0,0.77,342130000.0,1.76,1169904000.0,6.01,365386000.0,1.88,,,622172000.0,3.2,5553960000.0,28.53,727187000.0,3.74,25000000.0,0.13,19464028000.0,100.0,19464028000.0,100.0,3480573000.0,17.88
2025-06-30,3035,922481000.0,516354000.0,2.72,4.86,151846000.0,0.8,792508000.0,4.18,0.0,0.0,,,2605503000.0,13.73,4325263000.0,,,,,22.79,8371551000.0,44.11,12016194000.0,63.32,1850836000.0,9.75,22626000.0,0.12,85858000.0,0.45,13500000.0,0.07,5624870000.0,29.64,,,214805000.0,1.13,142250000.0,0.75,12671529000.0,12272183000.0,64.67,66.77,0.0,176936000.0,0.93,0.0,,2423919000.0,12.77,,,,1840054000.0,9.7,1947212000.0,10.26,,,2178455000.0,11.48,6306151000.0,33.23,,,969061000.0,5.11,399346000.0,2.1,6961486000.0,36.68,681281000.0,3.59,0.0,2605503000.0,13.73,547197000.0,2.88,16742000.0,0.09,543272000.0,2.86,141968000.0,0.75,242972000.0,1.28,1953222000.0,10.29,164722000.0,0.87,,,639231000.0,3.37,4798145000.0,25.28,628067000.0,3.31,25000000.0,0.13,18977680000.0,100.0,18977680000.0,100.0,2619690000.0,13.8
2024-09-30,3293,67428000.0,,,0.38,,,2263178000.0,12.65,2722000.0,0.02,,,2818016000.0,15.76,317283000.0,,,,,1.77,783847000.0,4.38,12160959000.0,68.0,307466000.0,1.72,112466000.0,0.63,,,,,4105330000.0,22.96,,,452096000.0,2.53,49533000.0,0.28,13700455000.0,13697245000.0,76.59,76.61,8515664000.0,,,47.62,,412440000.0,2.31,,,,45941000.0,0.26,157947000.0,0.88,,,1978287000.0,11.06,4183768000.0,23.39,,,,,3210000.0,0.02,5723264000.0,32.0,78438000.0,0.44,0.0,2818016000.0,15.76,183442000.0,1.03,79687000.0,0.45,260024000.0,1.45,11180000.0,0.06,74073000.0,0.41,3178095000.0,17.77,,,141693000.0,0.79,3385006000.0,18.93,10301922000.0,57.6,8327000.0,0.05,,,17884223000.0,100.0,17884223000.0,100.0,8323635000.0,46.54
2024-12-31,3293,36298000.0,,,0.16,,,2411915000.0,10.9,13779000.0,0.06,,,2818016000.0,12.74,317283000.0,,,,,1.43,2842817000.0,12.85,16279811000.0,73.58,281097000.0,1.27,113362000.0,0.51,,,,,5641979000.0,25.5,,,923400000.0,4.17,52139000.0,0.24,16385015000.0,16381930000.0,74.05,74.06,10468131000.0,,,47.32,,523699000.0,2.37,,,,73089000.0,0.33,147007000.0,0.66,,,1978287000.0,8.94,5738888000.0,25.94,,,,,3085000.0,0.01,5844092000.0,26.42,96909000.0,0.44,0.0,2818016000.0,12.74,135317000.0,0.61,101349000.0,0.46,363624000.0,1.64,13211000.0,0.06,61694000.0,0.28,4278263000.0,19.34,,,147483000.0,0.67,3368537000.0,15.23,12883007000.0,58.23,7223000.0,0.03,,,22123903000.0,100.0,22123903000.0,100.0,10904720000.0,49.29
2025-03-31,3293,19654000.0,,,0.08,,,2496413000.0,9.84,0.0,0.0,,,2818016000.0,11.11,317283000.0,,,,,1.25,2589622000.0,10.21,19509641000.0,76.89,293966000.0,1.16,114379000.0,0.45,,,,,14376164000.0,56.66,,,1367155000.0,5.39,53261000.0,0.21,10888729000.0,10885733000.0,42.9,42.92,13939134000.0,,,54.94,,560373000.0,2.21,,,,73701000.0,0.29,146795000.0,0.58,,,1978287000.0,7.8,14483402000.0,57.08,,,,,2996000.0,0.01,5862490000.0,23.11,107238000.0,0.42,0.0,2818016000.0,11.11,127107000.0,0.5,35747000.0,0.14,412727000.0,1.63,16995000.0,0.07,59876000.0,0.24,12637265000.0,49.81,,,96191000.0,0.38,2854522000.0,11.25,7337707000.0,28.92,8638000.0,0.03,,,25372131000.0,100.0,25372131000.0,100.0,5359420000.0,21.12
2025-06-30,3293,19420000.0,,,0.07,,,2443027000.0,8.56,18000.0,0.0,,,2818016000.0,9.88,317283000.0,,,,,1.11,4846601000.0,16.99,22686624000.0,79.51,309891000.0,1.09,112376000.0,0.39,,,,,15192102000.0,53.24,,,1088725000.0,3.82,104800000.0,0.37,13278578000.0,13275986000.0,46.53,46.54,14877790000.0,,,52.14,,523451000.0,1.83,,,,69999000.0,0.25,156347000.0,0.55,,,2885015000.0,10.11,15255148000.0,53.46,,,,,2592000.0,0.01,5847102000.0,20.49,63046000.0,0.22,0.0,2818016000.0,9.88,107425000.0,0.38,113382000.0,0.4,358248000.0,1.26,13217000.0,0.05,59766000.0,0.21,13638766000.0,47.8,,,143040000.0,0.5,2840704000.0,9.96,9782439000.0,34.28,7141000.0,0.03,,,28533726000.0,100.0,28533726000.0,100.0,6897424000.0,24.17
2024-09-30,3535,64871000.0,,,3.91,,,218087000.0,13.16,,,,,790523000.0,47.69,98490000.0,,,,,5.94,688243000.0,41.52,1189627000.0,71.77,38489000.0,2.32,10157000.0,0.61,,,563000.0,0.03,278733000.0,16.82,64524000.0,3.89,0.0,0.0,35130000.0,2.12,1179034000.0,1179034000.0,71.13,71.13,,,,,,3450000.0,0.21,,,,9412000.0,0.57,117869000.0,7.11,,,52957000.0,3.19,478566000.0,28.87,188760000.0,11.39,,,,,467973000.0,28.23,199833000.0,12.06,0.0,790523000.0,47.69,24124000.0,1.46,18914000.0,1.14,-3601000.0,-0.22,2502000.0,0.15,3883000.0,0.23,89760000.0,5.42,,,,,411636000.0,24.83,293622000.0,17.71,5843000.0,0.35,,,1657600000.0,100.0,1657600000.0,100.0,235371000.0,14.2
2024-12-31,3535,54962000.0,,,3.35,,,242545000.0,14.79,,,,,790523000.0,48.22,98490000.0,,,,,6.01,197401000.0,12.04,1168067000.0,71.25,48002000.0,2.93,10197000.0,0.62,,,12011000.0,0.73,282801000.0,17.25,63539000.0,3.88,0.0,0.0,36696000.0,2.24,1159810000.0,1159810000.0,70.74,70.74,445332000.0,2900000.0,0.18,27.16,,,,,,,8901000.0,0.54,123785000.0,7.55,,,52957000.0,3.23,479616000.0,29.26,185543000.0,11.32,3201000.0,0.2,,,471359000.0,28.75,196815000.0,12.01,0.0,790523000.0,48.22,31712000.0,1.93,18294000.0,1.12,-3223000.0,-0.2,1980000.0,0.12,3057000.0,0.19,95810000.0,5.84,,,,,412369000.0,25.15,274020000.0,16.71,5312000.0,0.32,0.0,0.0,1639426000.0,100.0,1639426000.0,100.0,215769000.0,13.16
2025-03-31,3535,58041000.0,,,3.7,,,186260000.0,11.87,,,,,790523000.0,50.36,98490000.0,,,,,6.27,422815000.0,26.93,1104979000.0,70.39,48174000.0,3.07,10237000.0,0.65,,,1050000.0,0.07,254925000.0,16.24,60862000.0,3.88,0.0,0.0,36274000.0,2.31,1122216000.0,1122216000.0,71.49,71.49,198232000.0,0.0,0.0,12.63,,,,,,,9381000.0,0.6,142347000.0,9.07,,,52957000.0,3.37,447556000.0,28.51,182325000.0,11.61,2995000.0,0.19,,,464793000.0,29.61,192631000.0,12.27,0.0,790523000.0,50.36,42547000.0,2.71,18674000.0,1.19,-2643000.0,-0.17,1503000.0,0.1,3057000.0,0.19,66959000.0,4.27,,,,,409856000.0,26.11,235846000.0,15.02,4784000.0,0.3,0.0,0.0,1569772000.0,100.0,1569772000.0,100.0,177595000.0,11.31
2025-06-30,3535,149708000.0,,,9.62,,,158114000.0,10.16,,,,,790523000.0,50.78,98490000.0,,,,,6.33,164384000.0,10.56,1099387000.0,70.62,46418000.0,2.98,10277000.0,0.66,,,13431000.0,0.86,389164000.0,25.0,59624000.0,3.83,,,31669000.0,2.03,983437000.0,983437000.0,63.17,63.17,411500000.0,0.0,0.0,26.43,,,,,,,9536000.0,0.61,237894000.0,15.28,,,58457000.0,3.76,573335000.0,36.83,179108000.0,11.51,3284000.0,0.21,,,457385000.0,29.38,184171000.0,11.83,0.0,790523000.0,50.78,28167000.0,1.81,19008000.0,1.22,-7147000.0,-0.46,1092000.0,0.07,3057000.0,0.2,112261000.0,7.21,,,,,407729000.0,26.19,101571000.0,6.52,4075000.0,0.26,,,1556772000.0,100.0,1556772000.0,100.0,39891000.0,2.56
2024-09-30,6231,,,,,,,242476000.0,15.99,,,0.0,0.0,456522000.0,30.1,67477000.0,48769000.0,3.22,281000.0,0.02,4.45,930136000.0,61.32,1276823000.0,84.18,92351000.0,6.09,,,0.0,0.0,,,391469000.0,25.81,,,,,18434000.0,1.22,1069157000.0,1069157000.0,70.49,70.49,,,,,,,,,,,38960000.0,2.57,,,,,224132000.0,14.78,447590000.0,29.51,,,,,0.0,0.0,239924000.0,15.82,56121000.0,3.7,0.0,456522000.0,30.1,74598000.0,4.92,53878000.0,3.55,10829000.0,0.71,13245000.0,0.87,35874000.0,2.37,245240000.0,16.17,,,29613000.0,1.95,87551000.0,5.77,534329000.0,35.23,81734000.0,5.39,,,1516747000.0,100.0,1516747000.0,100.0,299660000.0,19.76
2024-12-31,6231,,,,,,,215452000.0,12.77,,,,,456522000.0,27.05,67477000.0,48769000.0,2.89,281000.0,0.02,4.0,1157491000.0,68.59,1465124000.0,86.82,117783000.0,6.98,0.0,0.0,,,,,467888000.0,27.73,,,,,17112000.0,1.01,1173161000.0,1173161000.0,69.52,69.52,,,,,,,,,,,37201000.0,2.2,,,,,224132000.0,13.28,514334000.0,30.48,,,,,,,222371000.0,13.18,46446000.0,2.75,0.0,456522000.0,27.05,73686000.0,4.37,47445000.0,2.81,22954000.0,1.36,13309000.0,0.79,24915000.0,1.48,302660000.0,17.94,,,18495000.0,1.1,84970000.0,5.04,626208000.0,37.11,69779000.0,4.14,,,1687495000.0,100.0,1687495000.0,100.0,391539000.0,23.2
2025-03-31,6231,,,,,,,228918000.0,13.01,,,,,456522000.0,25.94,67477000.0,48769000.0,2.77,281000.0,0.02,3.83,1214907000.0,69.02,1540123000.0,87.5,147971000.0,8.41,,,,,,,755283000.0,42.91,,,,,17039000.0,0.97,960470000.0,960470000.0,54.57,54.57,,,,,,,,,,,37013000.0,2.1,,,,,224132000.0,12.73,799700000.0,45.43,,,,,,,220047000.0,12.5,44417000.0,2.52,0.0,456522000.0,25.94,70630000.0,4.01,52136000.0,2.96,29347000.0,1.67,13383000.0,0.76,23165000.0,1.32,555176000.0,31.54,,,25668000.0,1.46,82836000.0,4.71,407124000.0,23.13,69776000.0,3.96,,,1760170000.0,100.0,1760170000.0,100.0,172455000.0,9.8
2025-06-30,6231,,,,,,,173521000.0,9.7,,,,,456522000.0,25.52,67477000.0,48769000.0,2.73,281000.0,0.02,3.77,1249076000.0,69.83,1584075000.0,88.55,152704000.0,8.54,50093000.0,2.8,,,,,799172000.0,44.68,,,,,16719000.0,0.93,960469000.0,960469000.0,53.69,53.69,,,,,,,,,,,35118000.0,1.96,,,,,257786000.0,14.41,828379000.0,46.31,,,,,,,204773000.0,11.45,29207000.0,1.63,0.0,456522000.0,25.52,75382000.0,4.21,50046000.0,2.8,-18233000.0,-1.02,13576000.0,0.76,11222000.0,0.63,596422000.0,33.34,,,36003000.0,2.01,83269000.0,4.65,454703000.0,25.42,56091000.0,3.14,,,1788848000.0,100.0,1788848000.0,100.0,186380000.0,10.42
2024-09-30,6643,2022000.0,,,0.1,,,381166000.0,18.01,,,,,418002000.0,19.75,745237000.0,,,,,35.21,355928000.0,16.82,1169760000.0,55.27,28151000.0,1.33,133871000.0,6.33,,,96226000.0,4.55,129552000.0,6.12,,,1399000.0,0.07,9186000.0,0.43,1970792000.0,1970792000.0,93.12,93.12,16827000.0,293750000.0,13.88,0.8,,1008000.0,0.05,,,,17066000.0,0.81,,,,,237808000.0,11.24,145655000.0,6.88,,,,,,,946687000.0,44.73,16103000.0,0.76,0.0,418052000.0,19.75,1393000.0,0.07,9303000.0,0.44,-311000.0,-0.01,3941000.0,0.19,,,79390000.0,3.75,3931000.0,0.19,180418000.0,8.52,603235000.0,28.5,807864000.0,38.17,18501000.0,0.87,,,2116447000.0,100.0,2116447000.0,100.0,570056000.0,26.93
2024-12-31,6643,1933000.0,,,0.09,,,262787000.0,12.17,,,,,417997000.0,19.36,745102000.0,,,,,34.51,529011000.0,24.5,1204759000.0,55.8,31255000.0,1.45,135825000.0,6.29,,,95695000.0,4.43,217218000.0,10.06,,,1253000.0,0.06,10872000.0,0.5,1919304000.0,1919304000.0,88.89,88.89,17610000.0,303797000.0,14.07,0.82,,1008000.0,0.05,,,,17580000.0,0.81,,,,,237808000.0,11.01,239908000.0,11.11,,,,,,,954453000.0,44.2,22690000.0,1.05,0.0,418022000.0,19.36,8528000.0,0.39,21529000.0,1.0,1596000.0,0.07,7956000.0,0.37,,,137117000.0,6.35,6931000.0,0.32,148372000.0,6.87,591847000.0,27.41,754609000.0,34.95,21393000.0,0.99,,,2159212000.0,100.0,2159212000.0,100.0,516801000.0,23.93
2025-03-31,6643,3653000.0,,,0.18,,,263250000.0,12.66,,,,,417982000.0,20.11,744643000.0,,,,,35.82,385615000.0,18.55,1154093000.0,55.52,3370000.0,0.16,136263000.0,6.55,,,106215000.0,5.11,201948000.0,9.71,,,2035000.0,0.1,11098000.0,0.53,1856334000.0,1856334000.0,89.3,89.3,51417000.0,274176000.0,13.19,2.47,,1008000.0,0.05,,,,18101000.0,0.87,,,,,237808000.0,11.44,222454000.0,10.7,,,,,,,924695000.0,44.48,20506000.0,0.99,0.0,417997000.0,20.11,8554000.0,0.41,25169000.0,1.21,3135000.0,0.15,7457000.0,0.36,,,156806000.0,7.54,5988000.0,0.29,196791000.0,9.47,594077000.0,28.58,690574000.0,33.22,18778000.0,0.9,,,2078788000.0,100.0,2078788000.0,100.0,452766000.0,21.78
2025-06-30,6643,2101000.0,,,0.1,,,337669000.0,16.45,,,,,417982000.0,20.36,744643000.0,,,,,36.27,316606000.0,15.42,1157803000.0,56.4,3370000.0,0.16,134995000.0,6.58,,,95171000.0,4.64,237704000.0,11.58,,,7714000.0,0.38,16630000.0,0.81,1804317000.0,1804317000.0,87.89,87.89,45462000.0,243788000.0,11.88,2.21,,1008000.0,0.05,,,,15838000.0,0.77,,,,,250500000.0,12.2,248511000.0,12.11,,,,,,,895025000.0,43.6,10807000.0,0.53,7000.0,417982000.0,20.36,17612000.0,0.86,39694000.0,1.93,-4699000.0,-0.23,7646000.0,0.37,,,174386000.0,8.49,32045000.0,1.56,178243000.0,8.68,593388000.0,28.91,649799000.0,31.65,16727000.0,0.81,,,2052828000.0,100.0,2052828000.0,100.0,399299000.0,19.45
2024-09-30,8358,196814000.0,,,2.25,,,1694258000.0,19.37,,,,,2525880000.0,28.88,1560897000.0,,,,,17.85,1955387000.0,22.36,4540078000.0,51.91,,,254000.0,0.0,665000.0,0.01,,,2377861000.0,27.19,,,105435000.0,1.21,53268000.0,0.61,6331482000.0,6331482000.0,72.39,72.39,,,,,,,,,,,1210000.0,0.01,744962000.0,8.52,,,638225000.0,7.3,2415312000.0,27.61,,,,,,,4206716000.0,48.09,37451000.0,0.43,0.0,2525880000.0,28.88,42888000.0,0.49,24308000.0,0.28,-8076000.0,-0.09,80318000.0,0.92,27627000.0,0.32,351312000.0,4.02,102329000.0,1.17,,,4069716000.0,46.53,2252781000.0,25.76,2204000.0,0.03,1697714000.0,19.41,8746794000.0,100.0,8746794000.0,100.0,1606338000.0,18.36
2024-12-31,8358,279154000.0,,,3.18,,,1762405000.0,20.07,0.0,0.0,,,2525880000.0,28.77,1560897000.0,,,,,17.78,1990235000.0,22.67,4533237000.0,51.63,,,1367000.0,0.02,0.0,0.0,,,2221418000.0,25.3,,,153736000.0,1.75,51837000.0,0.59,6530743000.0,6530743000.0,74.38,74.38,,,,,,0.0,0.0,,,,1715000.0,0.02,715155000.0,8.14,,,638225000.0,7.27,2249712000.0,25.62,,,,,,,4247218000.0,48.37,28294000.0,0.32,0.0,2525880000.0,28.77,61111000.0,0.7,15242000.0,0.17,-8099000.0,-0.09,71189000.0,0.81,20365000.0,0.23,339543000.0,3.87,2964000.0,0.03,,,4120717000.0,46.93,2452065000.0,27.93,1760000.0,0.02,1383746000.0,15.76,8780455000.0,100.0,8780455000.0,100.0,1805622000.0,20.56
2025-03-31,8358,415538000.0,,,5.17,,,1833122000.0,22.82,,,,,2525880000.0,31.44,1560897000.0,,,,,19.43,697226000.0,8.68,3427548000.0,42.67,,,46000.0,0.0,128000.0,0.0,,,1222904000.0,15.22,,,221277000.0,2.75,52819000.0,0.66,6795847000.0,6795847000.0,84.6,84.6,,,,,,290000000.0,3.61,,,,2351000.0,0.03,800826000.0,9.97,,,638225000.0,7.94,1237522000.0,15.4,,,,,,,4605821000.0,57.33,14618000.0,0.18,0.0,2525880000.0,31.44,59136000.0,0.74,26364000.0,0.33,-7978000.0,-0.1,62434000.0,0.78,5399000.0,0.07,322857000.0,4.02,37192000.0,0.46,,,4193090000.0,52.2,2717048000.0,33.82,5127000.0,0.06,218891000.0,2.72,8033369000.0,100.0,8033369000.0,100.0,2070605000.0,25.78
2025-06-30,8358,377973000.0,,,4.46,,,1812770000.0,21.41,0.0,0.0,,,2525880000.0,29.83,1560897000.0,,,,,18.43,1065751000.0,12.59,3818530000.0,45.1,,,13915000.0,0.16,8572000.0,0.1,,,1889622000.0,22.32,,,121929000.0,1.44,76152000.0,0.9,6554896000.0,6554896000.0,77.41,77.41,,,,,,270969000.0,3.2,,,,2163000.0,0.03,851485000.0,10.06,,,730826000.0,8.63,1912431000.0,22.59,,,,,,,4648797000.0,54.9,22809000.0,0.27,170000.0,2525880000.0,29.83,72527000.0,0.86,24037000.0,0.28,-27746000.0,-0.33,64295000.0,0.76,3421000.0,0.04,731345000.0,8.64,2082000.0,0.02,,,4229840000.0,49.95,2505176000.0,29.59,5378000.0,0.06,623827000.0,7.37,8467327000.0,100.0,8467327000.0,100.0,1766251000.0,20.86
2024-09-30,8932,106649000.0,,,4.87,,,287381000.0,13.13,5492000.0,0.25,,,805896000.0,36.82,265233000.0,,,,,12.12,663694000.0,30.32,1103628000.0,50.42,,,0.0,0.0,,,,,490112000.0,22.39,,,13514000.0,0.62,49045000.0,2.24,1404784000.0,1342070000.0,61.32,64.18,3000000.0,,,0.14,7233000.0,17660000.0,0.81,0.33,,,112728000.0,5.15,77742000.0,3.55,4904000.0,0.22,29268000.0,1.34,783970000.0,35.82,223697000.0,10.22,,,62714000.0,2.87,1085126000.0,49.58,293858000.0,13.43,0.0,795515000.0,36.35,29632000.0,1.35,11488000.0,0.52,4242000.0,0.19,32626000.0,1.49,3757000.0,0.17,67490000.0,3.08,6450000.0,0.29,23004000.0,1.05,781241000.0,35.69,266699000.0,12.18,34245000.0,1.56,282090000.0,12.89,2188754000.0,100.0,2188754000.0,100.0,175714000.0,8.03
2024-12-31,8932,71965000.0,,,2.96,,,216945000.0,8.91,6406000.0,0.26,,,805896000.0,33.1,265233000.0,,,,,10.89,867349000.0,35.62,1284220000.0,52.74,,,0.0,0.0,,,,,522602000.0,21.46,,,32868000.0,1.35,40094000.0,1.65,1541687000.0,1461416000.0,60.02,63.31,3000000.0,,,0.12,7074000.0,17360000.0,0.71,0.29,,,118137000.0,4.85,75813000.0,3.11,10561000.0,0.43,29268000.0,1.2,893318000.0,36.69,223386000.0,9.17,,,80271000.0,3.3,1150785000.0,47.26,370716000.0,15.22,0.0,805896000.0,33.1,76426000.0,3.14,11253000.0,0.46,-19318000.0,-0.79,42355000.0,1.74,3573000.0,0.15,104122000.0,4.28,6851000.0,0.28,24356000.0,1.0,789820000.0,32.44,409605000.0,16.82,79802000.0,3.28,286881000.0,11.78,2435005000.0,100.0,2435005000.0,100.0,318620000.0,13.08
2025-03-31,8932,106165000.0,,,3.89,,,418584000.0,15.33,9523000.0,0.35,,,825896000.0,30.24,609929000.0,,,,,22.33,927103000.0,33.95,1538451000.0,56.33,,,,,,,,,465976000.0,17.06,,,31410000.0,1.15,40094000.0,1.47,2088061000.0,1988334000.0,72.8,76.46,6000000.0,,,0.22,7254000.0,17180000.0,0.63,0.27,,,124962000.0,4.58,69240000.0,2.54,9784000.0,0.36,29268000.0,1.07,643007000.0,23.54,6406000.0,0.23,,,99727000.0,3.65,1192617000.0,43.67,177031000.0,6.48,0.0,825896000.0,30.24,75388000.0,2.76,41499000.0,1.52,-2086000.0,-0.08,50761000.0,1.86,3130000.0,0.11,104826000.0,3.84,8318000.0,0.3,17041000.0,0.62,818868000.0,29.98,554595000.0,20.31,78333000.0,2.87,164555000.0,6.03,2731068000.0,100.0,2731068000.0,100.0,463610000.0,16.98
2025-06-30,8932,93702000.0,,,3.37,,,567460000.0,20.42,4402000.0,0.16,,,894908000.0,32.2,609932000.0,,,,,21.95,878654000.0,31.61,1587309000.0,57.11,,,,,,,,,641651000.0,23.09,,,44334000.0,1.6,29709000.0,1.07,2011552000.0,1915301000.0,68.91,72.37,6000000.0,,,0.22,7250000.0,17180000.0,0.62,0.26,,,123019000.0,4.43,55525000.0,2.0,9534000.0,0.34,61129000.0,2.2,767808000.0,27.63,6722000.0,0.24,,,96251000.0,3.46,1192051000.0,42.89,126157000.0,4.54,1141000.0,825896000.0,29.72,31653000.0,1.14,6705000.0,0.24,-73352000.0,-2.64,25091000.0,0.9,2892000.0,0.1,185608000.0,6.68,17308000.0,0.62,19057000.0,0.69,864402000.0,31.1,597733000.0,21.51,70502000.0,2.54,294398000.0,10.59,2779360000.0,100.0,2779360000.0,100.0,517286000.0,18.61
