date,stock_id,ForeignInvestmentRemainRatio
2025-06-25,1313,93.44
2025-06-26,1313,93.42
2025-06-27,1313,93.43
2025-06-30,1313,93.44
2025-07-01,1313,93.42
2025-07-02,1313,93.39
2025-07-03,1313,93.35
2025-07-04,1313,93.33
2025-07-07,1313,93.3
2025-07-08,1313,93.27
2025-07-09,1313,93.27
2025-07-10,1313,93.26
2025-07-11,1313,93.23
2025-07-14,1313,93.25
2025-07-15,1313,93.22
2025-07-16,1313,93.01
2025-07-17,1313,92.81
2025-07-18,1313,92.79
2025-07-21,1313,92.81
2025-07-22,1313,92.62
2025-07-23,1313,92.6
2025-07-24,1313,92.7
2025-07-25,1313,92.72
2025-07-28,1313,92.61
2025-07-29,1313,92.65
2025-07-30,1313,92.77
2025-07-31,1313,92.77
2025-08-01,1313,92.75
2025-08-04,1313,92.75
2025-08-05,1313,92.72
2025-08-06,1313,92.66
2025-08-07,1313,92.65
2025-08-08,1313,92.66
2025-08-11,1313,92.59
2025-08-12,1313,92.48
2025-08-13,1313,92.42
2025-08-14,1313,92.39
2025-08-15,1313,92.35
2025-08-18,1313,92.32
2025-08-19,1313,92.47
2025-08-20,1313,92.42
2025-08-21,1313,92.42
2025-08-22,1313,92.41
2025-08-25,1313,92.44
2025-08-26,1313,92.45
2025-08-27,1313,92.46
2025-08-28,1313,92.47
2025-08-29,1313,92.44
2025-09-01,1313,92.39
2025-09-02,1313,92.41
2025-09-03,1313,92.5
2025-09-04,1313,92.51
2025-09-05,1313,92.53
2025-09-08,1313,92.48
2025-09-09,1313,92.48
2025-09-10,1313,92.49
2025-09-11,1313,92.5
2025-09-12,1313,92.48
2025-09-15,1313,92.48
2025-09-16,1313,92.5
2025-09-17,1313,92.5
2025-09-18,1313,92.46
2025-09-19,1313,92.48
2025-09-22,1313,92.47
2025-09-23,1313,92.33
2025-06-25,1316,97.29
2025-06-26,1316,97.2
2025-06-27,1316,97.25
2025-06-30,1316,97.23
2025-07-01,1316,97.12
2025-07-02,1316,97.0
2025-07-03,1316,96.74
2025-07-04,1316,96.78
2025-07-07,1316,96.92
2025-07-08,1316,96.93
2025-07-09,1316,96.84
2025-07-10,1316,96.79
2025-07-11,1316,96.4
2025-07-14,1316,96.25
2025-07-15,1316,96.39
2025-07-16,1316,95.64
2025-07-17,1316,95.67
2025-07-18,1316,96.14
2025-07-21,1316,95.96
2025-07-22,1316,96.06
2025-07-23,1316,95.85
2025-07-24,1316,95.82
2025-07-25,1316,95.85
2025-07-28,1316,95.95
2025-07-29,1316,95.96
2025-07-30,1316,95.99
2025-07-31,1316,96.14
2025-08-01,1316,95.84
2025-08-04,1316,95.74
2025-08-05,1316,95.97
2025-08-06,1316,95.98
2025-08-07,1316,96.37
2025-08-08,1316,96.52
2025-08-11,1316,96.7
2025-08-12,1316,96.69
2025-08-13,1316,96.91
2025-08-14,1316,97.33
2025-08-15,1316,97.49
2025-08-18,1316,97.52
2025-08-19,1316,97.43
2025-08-20,1316,97.37
2025-08-21,1316,97.29
2025-08-22,1316,97.29
2025-08-25,1316,97.08
2025-08-26,1316,97.34
2025-08-27,1316,97.36
2025-08-28,1316,97.22
2025-08-29,1316,97.47
2025-09-01,1316,97.35
2025-09-02,1316,97.09
2025-09-03,1316,96.93
2025-09-04,1316,95.88
2025-09-05,1316,95.22
2025-09-08,1316,95.28
2025-09-09,1316,95.52
2025-09-10,1316,95.37
2025-09-11,1316,95.31
2025-09-12,1316,95.26
2025-09-15,1316,95.68
2025-09-16,1316,95.99
2025-09-17,1316,95.34
2025-09-18,1316,95.34
2025-09-19,1316,95.37
2025-09-22,1316,95.08
2025-09-23,1316,94.7
2025-06-25,1414,98.88
2025-06-26,1414,98.85
2025-06-27,1414,98.77
2025-06-30,1414,98.79
2025-07-01,1414,98.79
2025-07-02,1414,98.79
2025-07-03,1414,98.68
2025-07-04,1414,98.72
2025-07-07,1414,98.72
2025-07-08,1414,98.77
2025-07-09,1414,98.78
2025-07-10,1414,98.74
2025-07-11,1414,98.75
2025-07-14,1414,98.77
2025-07-15,1414,98.81
2025-07-16,1414,98.76
2025-07-17,1414,98.68
2025-07-18,1414,98.71
2025-07-21,1414,98.74
2025-07-22,1414,98.69
2025-07-23,1414,98.47
2025-07-24,1414,98.51
2025-07-25,1414,98.51
2025-07-28,1414,98.44
2025-07-29,1414,98.45
2025-07-30,1414,98.38
2025-07-31,1414,98.41
2025-08-01,1414,98.45
2025-08-04,1414,98.4
2025-08-05,1414,98.34
2025-08-06,1414,98.31
2025-08-07,1414,98.46
2025-08-08,1414,98.51
2025-08-11,1414,98.6
2025-08-12,1414,98.57
2025-08-13,1414,98.6
2025-08-14,1414,98.53
2025-08-15,1414,98.52
2025-08-18,1414,98.52
2025-08-19,1414,98.62
2025-08-20,1414,98.65
2025-08-21,1414,98.6
2025-08-22,1414,98.65
2025-08-25,1414,98.68
2025-08-26,1414,98.72
2025-08-27,1414,98.74
2025-08-28,1414,98.7
2025-08-29,1414,98.7
2025-09-01,1414,98.7
2025-09-02,1414,98.58
2025-09-03,1414,98.65
2025-09-04,1414,98.47
2025-09-05,1414,98.48
2025-09-08,1414,98.45
2025-09-09,1414,98.42
2025-09-10,1414,98.47
2025-09-11,1414,98.45
2025-09-12,1414,98.38
2025-09-15,1414,98.33
2025-09-16,1414,98.33
2025-09-17,1414,98.36
2025-09-18,1414,98.39
2025-09-19,1414,98.38
2025-09-22,1414,98.41
2025-09-23,1414,98.35
2025-06-25,1419,99.16
2025-06-26,1419,99.13
2025-06-27,1419,99.23
2025-06-30,1419,99.22
2025-07-01,1419,99.23
2025-07-02,1419,99.17
2025-07-03,1419,99.2
2025-07-04,1419,99.24
2025-07-07,1419,99.22
2025-07-08,1419,99.21
2025-07-09,1419,99.22
2025-07-10,1419,99.22
2025-07-11,1419,99.27
2025-07-14,1419,99.34
2025-07-15,1419,99.33
2025-07-16,1419,99.34
2025-07-17,1419,99.37
2025-07-18,1419,99.39
2025-07-21,1419,99.41
2025-07-22,1419,99.45
2025-07-23,1419,99.42
2025-07-24,1419,99.39
2025-07-25,1419,99.38
2025-07-28,1419,99.44
2025-07-29,1419,99.43
2025-07-30,1419,99.42
2025-07-31,1419,99.42
2025-08-01,1419,99.39
2025-08-04,1419,99.32
2025-08-05,1419,99.28
2025-08-06,1419,99.3
2025-08-07,1419,99.3
2025-08-08,1419,99.32
2025-08-11,1419,99.31
2025-08-12,1419,99.3
2025-08-13,1419,99.32
2025-08-14,1419,99.31
2025-08-15,1419,99.29
2025-08-18,1419,99.26
2025-08-19,1419,99.24
2025-08-20,1419,99.2
2025-08-21,1419,99.17
2025-08-22,1419,99.29
2025-08-25,1419,99.3
2025-08-26,1419,99.32
2025-08-27,1419,99.27
2025-08-28,1419,99.22
2025-08-29,1419,99.23
2025-09-01,1419,99.23
2025-09-02,1419,99.22
2025-09-03,1419,99.19
2025-09-04,1419,99.11
2025-09-05,1419,99.1
2025-09-08,1419,99.12
2025-09-09,1419,99.12
2025-09-10,1419,99.1
2025-09-11,1419,99.16
2025-09-12,1419,99.15
2025-09-15,1419,99.15
2025-09-16,1419,99.12
2025-09-17,1419,99.03
2025-09-18,1419,99.08
2025-09-19,1419,99.02
2025-09-22,1419,99.07
2025-09-23,1419,99.03
2025-06-25,1504,90.71
2025-06-26,1504,90.63
2025-06-27,1504,90.62
2025-06-30,1504,90.22
2025-07-01,1504,89.75
2025-07-02,1504,89.7
2025-07-03,1504,89.68
2025-07-04,1504,89.68
2025-07-07,1504,89.65
2025-07-08,1504,89.68
2025-07-09,1504,89.69
2025-07-10,1504,89.67
2025-07-11,1504,89.65
2025-07-14,1504,89.68
2025-07-15,1504,89.66
2025-07-16,1504,89.61
2025-07-17,1504,89.6
2025-07-18,1504,89.59
2025-07-21,1504,89.56
2025-07-22,1504,89.57
2025-07-23,1504,89.44
2025-07-24,1504,89.36
2025-07-25,1504,89.32
2025-07-28,1504,89.3
2025-07-29,1504,89.3
2025-07-30,1504,89.3
2025-07-31,1504,89.32
2025-08-01,1504,89.19
2025-08-04,1504,89.6
2025-08-05,1504,89.75
2025-08-06,1504,89.82
2025-08-07,1504,89.97
2025-08-08,1504,90.07
2025-08-11,1504,90.04
2025-08-12,1504,90.16
2025-08-13,1504,90.07
2025-08-14,1504,89.95
2025-08-15,1504,90.17
2025-08-18,1504,89.63
2025-08-19,1504,89.64
2025-08-20,1504,89.6
2025-08-21,1504,89.35
2025-08-22,1504,88.72
2025-08-25,1504,88.57
2025-08-26,1504,88.84
2025-08-27,1504,89.11
2025-08-28,1504,89.22
2025-08-29,1504,89.27
2025-09-01,1504,89.33
2025-09-02,1504,89.02
2025-09-03,1504,89.16
2025-09-04,1504,89.25
2025-09-05,1504,89.0
2025-09-08,1504,88.75
2025-09-09,1504,87.46
2025-09-10,1504,86.64
2025-09-11,1504,85.62
2025-09-12,1504,85.95
2025-09-15,1504,86.12
2025-09-16,1504,86.08
2025-09-17,1504,85.95
2025-09-18,1504,86.3
2025-09-19,1504,86.28
2025-09-22,1504,86.56
2025-09-23,1504,86.14
2025-06-25,1560,79.51
2025-06-26,1560,80.03
2025-06-27,1560,80.1
2025-06-30,1560,80.21
2025-07-01,1560,80.74
2025-07-02,1560,80.88
2025-07-03,1560,80.61
2025-07-04,1560,80.5
2025-07-07,1560,80.62
2025-07-08,1560,79.97
2025-07-09,1560,80.23
2025-07-10,1560,80.57
2025-07-11,1560,80.49
2025-07-14,1560,80.41
2025-07-15,1560,80.52
2025-07-16,1560,80.71
2025-07-17,1560,80.44
2025-07-18,1560,80.77
2025-07-21,1560,80.93
2025-07-22,1560,80.71
2025-07-23,1560,80.49
2025-07-24,1560,80.07
2025-07-25,1560,79.81
2025-07-28,1560,79.63
2025-07-29,1560,79.55
2025-07-30,1560,79.64
2025-07-31,1560,79.18
2025-08-01,1560,78.7
2025-08-04,1560,79.04
2025-08-05,1560,79.85
2025-08-06,1560,79.71
2025-08-07,1560,80.21
2025-08-08,1560,80.55
2025-08-11,1560,80.87
2025-08-12,1560,81.17
2025-08-13,1560,81.18
2025-08-14,1560,81.14
2025-08-15,1560,80.86
2025-08-18,1560,80.75
2025-08-19,1560,81.53
2025-08-20,1560,82.35
2025-08-21,1560,81.09
2025-08-22,1560,81.71
2025-08-25,1560,81.99
2025-08-26,1560,81.84
2025-08-27,1560,81.36
2025-08-28,1560,81.77
2025-08-29,1560,81.38
2025-09-01,1560,81.11
2025-09-02,1560,80.2
2025-09-03,1560,80.28
2025-09-04,1560,80.33
2025-09-05,1560,80.13
2025-09-08,1560,80.09
2025-09-09,1560,80.39
2025-09-10,1560,80.12
2025-09-11,1560,80.28
2025-09-12,1560,80.27
2025-09-15,1560,80.35
2025-09-16,1560,80.26
2025-09-17,1560,80.84
2025-09-18,1560,80.65
2025-09-19,1560,79.93
2025-09-22,1560,80.09
2025-09-23,1560,79.98
2025-06-25,1603,96.87
2025-06-26,1603,96.81
2025-06-27,1603,96.76
2025-06-30,1603,96.74
2025-07-01,1603,96.69
2025-07-02,1603,96.7
2025-07-03,1603,96.68
2025-07-04,1603,96.71
2025-07-07,1603,96.7
2025-07-08,1603,96.7
2025-07-09,1603,96.74
2025-07-10,1603,96.73
2025-07-11,1603,96.63
2025-07-14,1603,96.67
2025-07-15,1603,96.68
2025-07-16,1603,96.7
2025-07-17,1603,96.66
2025-07-18,1603,96.44
2025-07-21,1603,96.45
2025-07-22,1603,96.44
2025-07-23,1603,96.37
2025-07-24,1603,96.37
2025-07-25,1603,96.42
2025-07-28,1603,96.44
2025-07-29,1603,96.43
2025-07-30,1603,96.31
2025-07-31,1603,96.46
2025-08-01,1603,96.49
2025-08-04,1603,96.39
2025-08-05,1603,96.28
2025-08-06,1603,96.11
2025-08-07,1603,96.06
2025-08-08,1603,96.05
2025-08-11,1603,96.14
2025-08-12,1603,96.18
2025-08-13,1603,95.96
2025-08-14,1603,95.92
2025-08-15,1603,95.76
2025-08-18,1603,95.83
2025-08-19,1603,95.81
2025-08-20,1603,95.87
2025-08-21,1603,95.93
2025-08-22,1603,95.93
2025-08-25,1603,95.93
2025-08-26,1603,96.14
2025-08-27,1603,96.04
2025-08-28,1603,95.95
2025-08-29,1603,95.97
2025-09-01,1603,96.36
2025-09-02,1603,96.32
2025-09-03,1603,96.37
2025-09-04,1603,96.02
2025-09-05,1603,96.09
2025-09-08,1603,96.1
2025-09-09,1603,96.03
2025-09-10,1603,96.11
2025-09-11,1603,95.57
2025-09-12,1603,95.54
2025-09-15,1603,95.43
2025-09-16,1603,95.62
2025-09-17,1603,95.54
2025-09-18,1603,95.56
2025-09-19,1603,95.58
2025-09-22,1603,95.55
2025-09-23,1603,95.44
2025-06-25,1605,85.35
2025-06-26,1605,85.28
2025-06-27,1605,84.96
2025-06-30,1605,84.95
2025-07-01,1605,84.96
2025-07-02,1605,85.02
2025-07-03,1605,84.94
2025-07-04,1605,84.99
2025-07-07,1605,85.0
2025-07-08,1605,85.12
2025-07-09,1605,85.51
2025-07-10,1605,85.6
2025-07-11,1605,85.58
2025-07-14,1605,85.58
2025-07-15,1605,85.68
2025-07-16,1605,85.69
2025-07-17,1605,85.58
2025-07-18,1605,85.5
2025-07-21,1605,85.38
2025-07-22,1605,85.41
2025-07-23,1605,85.33
2025-07-24,1605,85.37
2025-07-25,1605,85.45
2025-07-28,1605,85.47
2025-07-29,1605,85.49
2025-07-30,1605,85.26
2025-07-31,1605,85.75
2025-08-01,1605,86.01
2025-08-04,1605,85.96
2025-08-05,1605,86.06
2025-08-06,1605,86.04
2025-08-07,1605,85.98
2025-08-08,1605,86.0
2025-08-11,1605,86.09
2025-08-12,1605,86.12
2025-08-13,1605,86.01
2025-08-14,1605,85.85
2025-08-15,1605,86.02
2025-08-18,1605,85.96
2025-08-19,1605,86.07
2025-08-20,1605,86.24
2025-08-21,1605,86.22
2025-08-22,1605,86.23
2025-08-25,1605,86.21
2025-08-26,1605,86.37
2025-08-27,1605,86.29
2025-08-28,1605,86.2
2025-08-29,1605,86.26
2025-09-01,1605,86.55
2025-09-02,1605,86.51
2025-09-03,1605,86.66
2025-09-04,1605,86.64
2025-09-05,1605,86.93
2025-09-08,1605,87.35
2025-09-09,1605,87.37
2025-09-10,1605,87.09
2025-09-11,1605,87.27
2025-09-12,1605,87.21
2025-09-15,1605,87.25
2025-09-16,1605,87.24
2025-09-17,1605,87.23
2025-09-18,1605,87.15
2025-09-19,1605,86.98
2025-09-22,1605,87.22
2025-09-23,1605,87.17
2025-06-25,1721,95.62
2025-06-26,1721,95.57
2025-06-27,1721,95.49
2025-06-30,1721,95.49
2025-07-01,1721,95.46
2025-07-02,1721,95.52
2025-07-03,1721,95.44
2025-07-04,1721,96.06
2025-07-07,1721,96.09
2025-07-08,1721,96.17
2025-07-09,1721,96.22
2025-07-10,1721,96.25
2025-07-11,1721,96.07
2025-07-14,1721,96.09
2025-07-15,1721,96.14
2025-07-16,1721,95.98
2025-07-17,1721,95.89
2025-07-18,1721,95.77
2025-07-21,1721,95.77
2025-07-22,1721,95.7
2025-07-23,1721,95.52
2025-07-24,1721,95.41
2025-07-25,1721,95.4
2025-07-28,1721,96.51
2025-07-29,1721,96.63
2025-07-30,1721,96.42
2025-07-31,1721,96.39
2025-08-01,1721,96.35
2025-08-04,1721,96.24
2025-08-05,1721,96.2
2025-08-06,1721,96.16
2025-08-07,1721,96.06
2025-08-08,1721,96.0
2025-08-11,1721,95.57
2025-08-12,1721,95.37
2025-08-13,1721,95.33
2025-08-14,1721,95.37
2025-08-15,1721,95.07
2025-08-18,1721,95.39
2025-08-19,1721,95.4
2025-08-20,1721,96.4
2025-08-21,1721,96.09
2025-08-22,1721,95.94
2025-08-25,1721,95.93
2025-08-26,1721,96.08
2025-08-27,1721,96.08
2025-08-28,1721,95.98
2025-08-29,1721,96.15
2025-09-01,1721,96.21
2025-09-02,1721,96.17
2025-09-03,1721,96.2
2025-09-04,1721,96.27
2025-09-05,1721,96.25
2025-09-08,1721,95.88
2025-09-09,1721,95.84
2025-09-10,1721,95.62
2025-09-11,1721,96.06
2025-09-12,1721,96.35
2025-09-15,1721,96.31
2025-09-16,1721,96.43
2025-09-17,1721,96.45
2025-09-18,1721,96.43
2025-09-19,1721,96.34
2025-09-22,1721,96.31
2025-09-23,1721,96.59
2025-06-25,2023,93.79
2025-06-26,2023,93.75
2025-06-27,2023,93.72
2025-06-30,2023,93.73
2025-07-01,2023,93.73
2025-07-02,2023,93.73
2025-07-03,2023,93.73
2025-07-04,2023,93.8
2025-07-07,2023,93.75
2025-07-08,2023,93.76
2025-07-09,2023,93.76
2025-07-10,2023,93.76
2025-07-11,2023,93.74
2025-07-14,2023,93.74
2025-07-15,2023,93.75
2025-07-16,2023,93.73
2025-07-17,2023,93.75
2025-07-18,2023,93.79
2025-07-21,2023,93.83
2025-07-22,2023,93.89
2025-07-23,2023,93.87
2025-07-24,2023,93.88
2025-07-25,2023,93.87
2025-07-28,2023,93.88
2025-07-29,2023,93.9
2025-07-30,2023,93.91
2025-07-31,2023,94.0
2025-08-01,2023,93.98
2025-08-04,2023,93.98
2025-08-05,2023,93.98
2025-08-06,2023,93.99
2025-08-07,2023,94.0
2025-08-08,2023,94.0
2025-08-11,2023,94.03
2025-08-12,2023,94.06
2025-08-13,2023,94.01
2025-08-14,2023,94.06
2025-08-15,2023,94.06
2025-08-18,2023,94.08
2025-08-19,2023,94.05
2025-08-20,2023,94.06
2025-08-21,2023,94.06
2025-08-22,2023,94.05
2025-08-25,2023,94.05
2025-08-26,2023,94.06
2025-08-27,2023,94.06
2025-08-28,2023,94.09
2025-08-29,2023,94.04
2025-09-01,2023,94.01
2025-09-02,2023,93.98
2025-09-03,2023,93.97
2025-09-04,2023,93.97
2025-09-05,2023,93.98
2025-09-08,2023,93.96
2025-09-09,2023,93.96
2025-09-10,2023,93.96
2025-09-11,2023,93.95
2025-09-12,2023,93.92
2025-09-15,2023,93.92
2025-09-16,2023,93.91
2025-09-17,2023,93.92
2025-09-18,2023,94.0
2025-09-19,2023,94.02
2025-09-22,2023,94.02
2025-09-23,2023,94.01
2025-06-25,2033,98.68
2025-06-26,2033,98.65
2025-06-27,2033,98.63
2025-06-30,2033,98.64
2025-07-01,2033,98.63
2025-07-02,2033,98.65
2025-07-03,2033,98.64
2025-07-04,2033,98.67
2025-07-07,2033,98.72
2025-07-08,2033,98.72
2025-07-09,2033,98.75
2025-07-10,2033,98.76
2025-07-11,2033,98.77
2025-07-14,2033,98.79
2025-07-15,2033,98.81
2025-07-16,2033,98.82
2025-07-17,2033,98.83
2025-07-18,2033,98.88
2025-07-21,2033,98.91
2025-07-22,2033,98.95
2025-07-23,2033,98.95
2025-07-24,2033,98.93
2025-07-25,2033,98.94
2025-07-28,2033,98.97
2025-07-29,2033,99.0
2025-07-30,2033,99.03
2025-07-31,2033,99.07
2025-08-01,2033,99.13
2025-08-04,2033,99.09
2025-08-05,2033,99.1
2025-08-06,2033,99.11
2025-08-07,2033,99.12
2025-08-08,2033,99.16
2025-08-11,2033,99.17
2025-08-12,2033,99.18
2025-08-13,2033,99.2
2025-08-14,2033,99.21
2025-08-15,2033,99.22
2025-08-18,2033,99.19
2025-08-19,2033,99.21
2025-08-20,2033,99.24
2025-08-21,2033,99.23
2025-08-22,2033,99.23
2025-08-25,2033,99.25
2025-08-26,2033,99.27
2025-08-27,2033,99.27
2025-08-28,2033,99.27
2025-08-29,2033,99.26
2025-09-01,2033,99.25
2025-09-02,2033,99.26
2025-09-03,2033,99.26
2025-09-04,2033,99.28
2025-09-05,2033,99.33
2025-09-08,2033,99.35
2025-09-09,2033,99.34
2025-09-10,2033,99.35
2025-09-11,2033,99.34
2025-09-12,2033,99.39
2025-09-15,2033,99.39
2025-09-16,2033,99.4
2025-09-17,2033,99.4
2025-09-18,2033,99.4
2025-09-19,2033,99.4
2025-09-22,2033,99.39
2025-09-23,2033,99.39
2025-06-25,2239,26.09
2025-06-26,2239,26.07
2025-06-27,2239,26.03
2025-06-30,2239,26.05
2025-07-01,2239,26.03
2025-07-02,2239,26.03
2025-07-03,2239,26.02
2025-07-04,2239,26.02
2025-07-07,2239,26.02
2025-07-08,2239,26.04
2025-07-09,2239,26.04
2025-07-10,2239,26.05
2025-07-11,2239,26.05
2025-07-14,2239,26.05
2025-07-15,2239,26.06
2025-07-16,2239,26.08
2025-07-17,2239,26.06
2025-07-18,2239,26.11
2025-07-21,2239,26.12
2025-07-22,2239,26.13
2025-07-23,2239,26.14
2025-07-24,2239,26.15
2025-07-25,2239,26.15
2025-07-28,2239,26.15
2025-07-29,2239,26.14
2025-07-30,2239,26.14
2025-07-31,2239,26.14
2025-08-01,2239,26.14
2025-08-04,2239,26.08
2025-08-05,2239,26.07
2025-08-06,2239,26.07
2025-08-07,2239,26.08
2025-08-08,2239,26.07
2025-08-11,2239,26.07
2025-08-12,2239,26.07
2025-08-13,2239,26.09
2025-08-14,2239,26.09
2025-08-15,2239,26.1
2025-08-18,2239,26.11
2025-08-19,2239,26.12
2025-08-20,2239,26.13
2025-08-21,2239,26.13
2025-08-22,2239,26.14
2025-08-25,2239,26.13
2025-08-26,2239,26.15
2025-08-27,2239,26.16
2025-08-28,2239,26.17
2025-08-29,2239,26.18
2025-09-01,2239,26.15
2025-09-02,2239,26.14
2025-09-03,2239,26.14
2025-09-04,2239,26.14
2025-09-05,2239,26.12
2025-09-08,2239,26.1
2025-09-09,2239,26.11
2025-09-10,2239,26.1
2025-09-11,2239,26.11
2025-09-12,2239,26.11
2025-09-15,2239,26.11
2025-09-16,2239,26.1
2025-09-17,2239,26.1
2025-09-18,2239,26.1
2025-09-19,2239,26.18
2025-09-22,2239,26.23
2025-09-23,2239,26.22
2025-06-25,2241,90.82
2025-06-26,2241,90.78
2025-06-27,2241,90.84
2025-06-30,2241,90.88
2025-07-01,2241,90.92
2025-07-02,2241,90.96
2025-07-03,2241,90.96
2025-07-04,2241,90.99
2025-07-07,2241,90.88
2025-07-08,2241,90.88
2025-07-09,2241,90.88
2025-07-10,2241,90.77
2025-07-11,2241,90.77
2025-07-14,2241,90.81
2025-07-15,2241,90.78
2025-07-16,2241,90.67
2025-07-17,2241,90.61
2025-07-18,2241,90.89
2025-07-21,2241,90.94
2025-07-22,2241,91.0
2025-07-23,2241,90.92
2025-07-24,2241,90.89
2025-07-25,2241,90.86
2025-07-28,2241,90.8
2025-07-29,2241,90.81
2025-07-30,2241,90.88
2025-07-31,2241,91.04
2025-08-01,2241,90.97
2025-08-04,2241,90.89
2025-08-05,2241,90.86
2025-08-06,2241,90.83
2025-08-07,2241,90.82
2025-08-08,2241,90.76
2025-08-11,2241,90.79
2025-08-12,2241,90.77
2025-08-13,2241,90.67
2025-08-14,2241,91.2
2025-08-15,2241,91.18
2025-08-18,2241,91.21
2025-08-19,2241,91.3
2025-08-20,2241,91.49
2025-08-21,2241,91.32
2025-08-22,2241,91.36
2025-08-25,2241,91.35
2025-08-26,2241,91.16
2025-08-27,2241,91.2
2025-08-28,2241,91.15
2025-08-29,2241,91.21
2025-09-01,2241,91.38
2025-09-02,2241,91.48
2025-09-03,2241,91.29
2025-09-04,2241,91.32
2025-09-05,2241,91.5
2025-09-08,2241,91.39
2025-09-09,2241,91.43
2025-09-10,2241,91.48
2025-09-11,2241,91.66
2025-09-12,2241,91.53
2025-09-15,2241,91.25
2025-09-16,2241,91.2
2025-09-17,2241,91.12
2025-09-18,2241,91.04
2025-09-19,2241,91.12
2025-09-22,2241,91.08
2025-09-23,2241,91.2
2025-06-25,2301,70.69
2025-06-26,2301,70.43
2025-06-27,2301,70.37
2025-06-30,2301,70.17
2025-07-01,2301,70.04
2025-07-02,2301,69.9
2025-07-03,2301,69.48
2025-07-04,2301,69.39
2025-07-07,2301,69.36
2025-07-08,2301,69.34
2025-07-09,2301,69.23
2025-07-10,2301,69.21
2025-07-11,2301,69.26
2025-07-14,2301,69.22
2025-07-15,2301,69.16
2025-07-16,2301,69.13
2025-07-17,2301,69.12
2025-07-18,2301,69.02
2025-07-21,2301,69.01
2025-07-22,2301,68.94
2025-07-23,2301,68.85
2025-07-24,2301,68.85
2025-07-25,2301,68.83
2025-07-28,2301,68.83
2025-07-29,2301,68.76
2025-07-30,2301,68.94
2025-07-31,2301,69.35
2025-08-01,2301,69.52
2025-08-04,2301,69.8
2025-08-05,2301,70.06
2025-08-06,2301,70.11
2025-08-07,2301,70.05
2025-08-08,2301,70.34
2025-08-11,2301,70.26
2025-08-12,2301,70.33
2025-08-13,2301,70.45
2025-08-14,2301,70.63
2025-08-15,2301,70.7
2025-08-18,2301,70.84
2025-08-19,2301,70.45
2025-08-20,2301,70.36
2025-08-21,2301,70.46
2025-08-22,2301,70.42
2025-08-25,2301,70.36
2025-08-26,2301,70.39
2025-08-27,2301,70.51
2025-08-28,2301,70.55
2025-08-29,2301,70.55
2025-09-01,2301,70.54
2025-09-02,2301,70.49
2025-09-03,2301,70.48
2025-09-04,2301,70.56
2025-09-05,2301,70.59
2025-09-08,2301,70.75
2025-09-09,2301,70.3
2025-09-10,2301,70.22
2025-09-11,2301,69.51
2025-09-12,2301,70.04
2025-09-15,2301,70.18
2025-09-16,2301,70.16
2025-09-17,2301,70.13
2025-09-18,2301,70.16
2025-09-19,2301,70.22
2025-09-22,2301,70.54
2025-09-23,2301,70.22
2025-06-25,2317,67.27
2025-06-26,2317,67.35
2025-06-27,2317,67.2
2025-06-30,2317,67.39
2025-07-01,2317,67.27
2025-07-02,2317,67.33
2025-07-03,2317,67.27
2025-07-04,2317,67.2
2025-07-07,2317,67.14
2025-07-08,2317,67.14
2025-07-09,2317,67.09
2025-07-10,2317,67.02
2025-07-11,2317,66.99
2025-07-14,2317,67.0
2025-07-15,2317,66.95
2025-07-16,2317,66.96
2025-07-17,2317,66.92
2025-07-18,2317,66.86
2025-07-21,2317,66.88
2025-07-22,2317,66.85
2025-07-23,2317,66.71
2025-07-24,2317,66.28
2025-07-25,2317,66.26
2025-07-28,2317,66.21
2025-07-29,2317,66.23
2025-07-30,2317,66.23
2025-07-31,2317,66.03
2025-08-01,2317,65.96
2025-08-04,2317,65.99
2025-08-05,2317,65.88
2025-08-06,2317,65.8
2025-08-07,2317,65.49
2025-08-08,2317,65.47
2025-08-11,2317,65.34
2025-08-12,2317,65.33
2025-08-13,2317,65.06
2025-08-14,2317,64.85
2025-08-15,2317,64.3
2025-08-18,2317,64.12
2025-08-19,2317,64.09
2025-08-20,2317,63.96
2025-08-21,2317,63.82
2025-08-22,2317,63.78
2025-08-25,2317,63.63
2025-08-26,2317,63.58
2025-08-27,2317,63.61
2025-08-28,2317,63.5
2025-08-29,2317,63.44
2025-09-01,2317,63.35
2025-09-02,2317,63.32
2025-09-03,2317,63.31
2025-09-04,2317,63.25
2025-09-05,2317,63.13
2025-09-08,2317,63.12
2025-09-09,2317,62.88
2025-09-10,2317,62.57
2025-09-11,2317,62.08
2025-09-12,2317,61.9
2025-09-15,2317,61.88
2025-09-16,2317,61.84
2025-09-17,2317,61.84
2025-09-18,2317,61.65
2025-09-19,2317,61.58
2025-09-22,2317,61.49
2025-09-23,2317,61.13
2025-06-25,2331,92.67
2025-06-26,2331,92.69
2025-06-27,2331,92.67
2025-06-30,2331,92.66
2025-07-01,2331,92.6
2025-07-02,2331,92.55
2025-07-03,2331,92.48
2025-07-04,2331,92.52
2025-07-07,2331,92.52
2025-07-08,2331,92.55
2025-07-09,2331,92.49
2025-07-10,2331,92.49
2025-07-11,2331,92.68
2025-07-14,2331,92.66
2025-07-15,2331,92.65
2025-07-16,2331,92.63
2025-07-17,2331,92.46
2025-07-18,2331,92.58
2025-07-21,2331,92.59
2025-07-22,2331,92.74
2025-07-23,2331,92.62
2025-07-24,2331,92.61
2025-07-25,2331,92.62
2025-07-28,2331,92.56
2025-07-29,2331,92.61
2025-07-30,2331,92.61
2025-07-31,2331,92.72
2025-08-01,2331,92.64
2025-08-04,2331,92.37
2025-08-05,2331,92.32
2025-08-06,2331,92.17
2025-08-07,2331,92.32
2025-08-08,2331,92.38
2025-08-11,2331,92.41
2025-08-12,2331,92.23
2025-08-13,2331,92.23
2025-08-14,2331,92.14
2025-08-15,2331,91.93
2025-08-18,2331,91.98
2025-08-19,2331,92.02
2025-08-20,2331,92.13
2025-08-21,2331,92.02
2025-08-22,2331,91.99
2025-08-25,2331,91.85
2025-08-26,2331,91.89
2025-08-27,2331,91.77
2025-08-28,2331,91.69
2025-08-29,2331,91.79
2025-09-01,2331,91.88
2025-09-02,2331,91.96
2025-09-03,2331,91.91
2025-09-04,2331,91.83
2025-09-05,2331,91.79
2025-09-08,2331,91.8
2025-09-09,2331,91.8
2025-09-10,2331,91.71
2025-09-11,2331,91.55
2025-09-12,2331,92.08
2025-09-15,2331,92.12
2025-09-16,2331,92.12
2025-09-17,2331,92.08
2025-09-18,2331,91.8
2025-09-19,2331,91.69
2025-09-22,2331,91.67
2025-09-23,2331,91.58
2025-06-25,2344,86.73
2025-06-26,2344,85.83
2025-06-27,2344,85.94
2025-06-30,2344,86.16
2025-07-01,2344,86.16
2025-07-02,2344,86.55
2025-07-03,2344,86.42
2025-07-04,2344,86.49
2025-07-07,2344,86.33
2025-07-08,2344,86.43
2025-07-09,2344,86.48
2025-07-10,2344,86.45
2025-07-11,2344,86.3
2025-07-14,2344,86.34
2025-07-15,2344,86.35
2025-07-16,2344,86.51
2025-07-17,2344,86.61
2025-07-18,2344,86.81
2025-07-21,2344,86.9
2025-07-22,2344,86.9
2025-07-23,2344,86.98
2025-07-24,2344,87.06
2025-07-25,2344,87.04
2025-07-28,2344,87.08
2025-07-29,2344,87.28
2025-07-30,2344,87.15
2025-07-31,2344,87.34
2025-08-01,2344,87.34
2025-08-04,2344,87.72
2025-08-05,2344,87.67
2025-08-06,2344,88.08
2025-08-07,2344,88.22
2025-08-08,2344,88.0
2025-08-11,2344,88.32
2025-08-12,2344,88.18
2025-08-13,2344,88.26
2025-08-14,2344,88.5
2025-08-15,2344,88.52
2025-08-18,2344,88.41
2025-08-19,2344,88.5
2025-08-20,2344,88.66
2025-08-21,2344,88.59
2025-08-22,2344,88.59
2025-08-25,2344,88.39
2025-08-26,2344,88.18
2025-08-27,2344,87.71
2025-08-28,2344,87.77
2025-08-29,2344,88.08
2025-09-01,2344,87.55
2025-09-02,2344,87.97
2025-09-03,2344,87.91
2025-09-04,2344,87.58
2025-09-05,2344,86.25
2025-09-08,2344,85.39
2025-09-09,2344,85.55
2025-09-10,2344,85.22
2025-09-11,2344,85.35
2025-09-12,2344,84.38
2025-09-15,2344,85.52
2025-09-16,2344,84.38
2025-09-17,2344,83.22
2025-09-18,2344,82.98
2025-09-19,2344,82.16
2025-09-22,2344,81.83
2025-09-23,2344,81.6
2025-06-25,2356,86.25
2025-06-26,2356,86.0
2025-06-27,2356,86.75
2025-06-30,2356,86.76
2025-07-01,2356,86.7
2025-07-02,2356,86.65
2025-07-03,2356,86.79
2025-07-04,2356,86.86
2025-07-07,2356,87.02
2025-07-08,2356,87.2
2025-07-09,2356,87.35
2025-07-10,2356,87.54
2025-07-11,2356,87.6
2025-07-14,2356,86.92
2025-07-15,2356,86.54
2025-07-16,2356,86.75
2025-07-17,2356,86.64
2025-07-18,2356,86.68
2025-07-21,2356,86.69
2025-07-22,2356,86.5
2025-07-23,2356,86.42
2025-07-24,2356,86.32
2025-07-25,2356,86.24
2025-07-28,2356,86.24
2025-07-29,2356,86.25
2025-07-30,2356,86.37
2025-07-31,2356,86.31
2025-08-01,2356,86.37
2025-08-04,2356,86.4
2025-08-05,2356,86.25
2025-08-06,2356,86.27
2025-08-07,2356,86.27
2025-08-08,2356,86.59
2025-08-11,2356,86.59
2025-08-12,2356,86.8
2025-08-13,2356,86.91
2025-08-14,2356,86.97
2025-08-15,2356,87.12
2025-08-18,2356,87.1
2025-08-19,2356,87.14
2025-08-20,2356,87.16
2025-08-21,2356,87.27
2025-08-22,2356,87.28
2025-08-25,2356,87.25
2025-08-26,2356,87.21
2025-08-27,2356,87.18
2025-08-28,2356,87.16
2025-08-29,2356,87.31
2025-09-01,2356,87.4
2025-09-02,2356,87.47
2025-09-03,2356,87.74
2025-09-04,2356,87.66
2025-09-05,2356,87.54
2025-09-08,2356,87.52
2025-09-09,2356,87.43
2025-09-10,2356,87.35
2025-09-11,2356,87.22
2025-09-12,2356,86.79
2025-09-15,2356,86.64
2025-09-16,2356,86.63
2025-09-17,2356,86.63
2025-09-18,2356,86.63
2025-09-19,2356,86.26
2025-09-22,2356,86.42
2025-09-23,2356,86.2
2025-06-25,2375,93.46
2025-06-26,2375,93.41
2025-06-27,2375,93.29
2025-06-30,2375,93.33
2025-07-01,2375,93.3
2025-07-02,2375,93.24
2025-07-03,2375,93.16
2025-07-04,2375,93.23
2025-07-07,2375,93.29
2025-07-08,2375,93.31
2025-07-09,2375,93.24
2025-07-10,2375,93.23
2025-07-11,2375,93.21
2025-07-14,2375,93.27
2025-07-15,2375,93.22
2025-07-16,2375,93.1
2025-07-17,2375,93.0
2025-07-18,2375,93.02
2025-07-21,2375,93.05
2025-07-22,2375,93.05
2025-07-23,2375,93.29
2025-07-24,2375,93.34
2025-07-25,2375,93.33
2025-07-28,2375,93.31
2025-07-29,2375,93.29
2025-07-30,2375,93.33
2025-07-31,2375,93.31
2025-08-01,2375,93.2
2025-08-04,2375,93.15
2025-08-05,2375,92.94
2025-08-06,2375,93.18
2025-08-07,2375,93.2
2025-08-08,2375,93.24
2025-08-11,2375,93.32
2025-08-12,2375,93.22
2025-08-13,2375,93.05
2025-08-14,2375,93.35
2025-08-15,2375,93.33
2025-08-18,2375,93.28
2025-08-19,2375,93.33
2025-08-20,2375,93.48
2025-08-21,2375,93.35
2025-08-22,2375,93.41
2025-08-25,2375,93.15
2025-08-26,2375,93.18
2025-08-27,2375,92.99
2025-08-28,2375,92.85
2025-08-29,2375,92.78
2025-09-01,2375,92.87
2025-09-02,2375,92.94
2025-09-03,2375,92.9
2025-09-04,2375,92.84
2025-09-05,2375,92.83
2025-09-08,2375,92.84
2025-09-09,2375,92.75
2025-09-10,2375,92.7
2025-09-11,2375,92.81
2025-09-12,2375,92.43
2025-09-15,2375,92.92
2025-09-16,2375,92.99
2025-09-17,2375,92.84
2025-09-18,2375,93.87
2025-09-19,2375,93.34
2025-09-22,2375,93.84
2025-09-23,2375,93.1
2025-06-25,2431,92.56
2025-06-26,2431,92.54
2025-06-27,2431,92.56
2025-06-30,2431,92.55
2025-07-01,2431,92.8
2025-07-02,2431,92.79
2025-07-03,2431,92.85
2025-07-04,2431,92.84
2025-07-07,2431,92.82
2025-07-08,2431,92.91
2025-07-09,2431,92.92
2025-07-10,2431,93.0
2025-07-11,2431,92.94
2025-07-14,2431,93.0
2025-07-15,2431,93.03
2025-07-16,2431,93.05
2025-07-17,2431,93.11
2025-07-18,2431,93.1
2025-07-21,2431,93.07
2025-07-22,2431,93.25
2025-07-23,2431,93.23
2025-07-24,2431,93.31
2025-07-25,2431,93.38
2025-07-28,2431,93.43
2025-07-29,2431,93.51
2025-07-30,2431,95.02
2025-07-31,2431,95.78
2025-08-01,2431,95.88
2025-08-04,2431,96.32
2025-08-05,2431,96.55
2025-08-06,2431,96.75
2025-08-07,2431,96.96
2025-08-08,2431,96.89
2025-08-11,2431,96.84
2025-08-12,2431,96.75
2025-08-13,2431,96.19
2025-08-14,2431,96.34
2025-08-15,2431,95.85
2025-08-18,2431,95.77
2025-08-19,2431,95.8
2025-08-20,2431,95.99
2025-08-21,2431,95.78
2025-08-22,2431,96.29
2025-08-25,2431,96.17
2025-08-26,2431,96.41
2025-08-27,2431,96.2
2025-08-28,2431,96.12
2025-08-29,2431,96.07
2025-09-01,2431,96.47
2025-09-02,2431,96.66
2025-09-03,2431,96.66
2025-09-04,2431,96.46
2025-09-05,2431,96.4
2025-09-08,2431,96.37
2025-09-09,2431,96.19
2025-09-10,2431,95.86
2025-09-11,2431,96.73
2025-09-12,2431,96.39
2025-09-15,2431,95.88
2025-09-16,2431,96.51
2025-09-17,2431,96.07
2025-09-18,2431,96.39
2025-09-19,2431,96.38
2025-09-22,2431,96.35
2025-09-23,2431,96.8
2025-06-25,2492,89.54
2025-06-26,2492,89.65
2025-06-27,2492,89.65
2025-06-30,2492,89.63
2025-07-01,2492,89.56
2025-07-02,2492,89.54
2025-07-03,2492,89.43
2025-07-04,2492,89.46
2025-07-07,2492,89.48
2025-07-08,2492,89.47
2025-07-09,2492,89.49
2025-07-10,2492,89.5
2025-07-11,2492,89.33
2025-07-14,2492,89.36
2025-07-15,2492,89.33
2025-07-16,2492,89.19
2025-07-17,2492,89.14
2025-07-18,2492,89.11
2025-07-21,2492,89.04
2025-07-22,2492,89.12
2025-07-23,2492,89.05
2025-07-24,2492,89.08
2025-07-25,2492,89.11
2025-07-28,2492,89.02
2025-07-29,2492,89.0
2025-07-30,2492,89.0
2025-07-31,2492,89.02
2025-08-01,2492,88.96
2025-08-04,2492,88.95
2025-08-05,2492,88.89
2025-08-06,2492,88.89
2025-08-07,2492,88.91
2025-08-08,2492,89.21
2025-08-11,2492,89.22
2025-08-12,2492,89.26
2025-08-13,2492,89.2
2025-08-14,2492,89.22
2025-08-15,2492,89.25
2025-08-18,2492,89.16
2025-08-19,2492,89.2
2025-08-20,2492,89.32
2025-08-21,2492,89.21
2025-08-22,2492,89.18
2025-08-25,2492,89.13
2025-08-26,2492,89.13
2025-08-27,2492,89.11
2025-08-28,2492,89.03
2025-08-29,2492,89.0
2025-09-01,2492,89.15
2025-09-02,2492,89.15
2025-09-03,2492,89.2
2025-09-04,2492,89.16
2025-09-05,2492,89.16
2025-09-08,2492,89.1
2025-09-09,2492,89.04
2025-09-10,2492,88.99
2025-09-11,2492,89.03
2025-09-12,2492,88.8
2025-09-15,2492,88.94
2025-09-16,2492,88.91
2025-09-17,2492,88.98
2025-09-18,2492,88.89
2025-09-19,2492,89.1
2025-09-22,2492,89.31
2025-09-23,2492,88.95
2025-06-25,2753,91.82
2025-06-26,2753,91.85
2025-06-27,2753,91.74
2025-06-30,2753,91.68
2025-07-01,2753,91.7
2025-07-02,2753,91.44
2025-07-03,2753,91.41
2025-07-04,2753,91.39
2025-07-07,2753,91.34
2025-07-08,2753,90.92
2025-07-09,2753,90.77
2025-07-10,2753,90.73
2025-07-11,2753,90.67
2025-07-14,2753,89.26
2025-07-15,2753,89.37
2025-07-16,2753,89.32
2025-07-17,2753,89.3
2025-07-18,2753,88.29
2025-07-21,2753,87.76
2025-07-22,2753,88.03
2025-07-23,2753,87.96
2025-07-24,2753,88.23
2025-07-25,2753,88.25
2025-07-28,2753,88.5
2025-07-29,2753,88.63
2025-07-30,2753,88.69
2025-07-31,2753,88.94
2025-08-01,2753,88.66
2025-08-04,2753,88.3
2025-08-05,2753,88.35
2025-08-06,2753,88.47
2025-08-07,2753,88.42
2025-08-08,2753,88.42
2025-08-11,2753,88.58
2025-08-12,2753,88.51
2025-08-13,2753,87.65
2025-08-14,2753,87.59
2025-08-15,2753,87.5
2025-08-18,2753,87.25
2025-08-19,2753,86.43
2025-08-20,2753,86.43
2025-08-21,2753,86.2
2025-08-22,2753,86.13
2025-08-25,2753,86.92
2025-08-26,2753,86.94
2025-08-27,2753,86.97
2025-08-28,2753,86.93
2025-08-29,2753,86.95
2025-09-01,2753,86.49
2025-09-02,2753,86.48
2025-09-03,2753,85.79
2025-09-04,2753,85.84
2025-09-05,2753,85.89
2025-09-08,2753,85.85
2025-09-09,2753,85.84
2025-09-10,2753,85.79
2025-09-11,2753,85.21
2025-09-12,2753,85.16
2025-09-15,2753,85.06
2025-09-16,2753,85.93
2025-09-17,2753,85.88
2025-09-18,2753,85.88
2025-09-19,2753,85.94
2025-09-22,2753,85.76
2025-09-23,2753,85.75
2025-06-25,2812,89.22
2025-06-26,2812,89.13
2025-06-27,2812,89.07
2025-06-30,2812,88.97
2025-07-01,2812,88.96
2025-07-02,2812,88.89
2025-07-03,2812,88.88
2025-07-04,2812,88.87
2025-07-07,2812,88.81
2025-07-08,2812,88.81
2025-07-09,2812,88.8
2025-07-10,2812,88.72
2025-07-11,2812,88.75
2025-07-14,2812,88.72
2025-07-15,2812,88.74
2025-07-16,2812,88.8
2025-07-17,2812,88.83
2025-07-18,2812,88.94
2025-07-21,2812,89.01
2025-07-22,2812,89.1
2025-07-23,2812,89.13
2025-07-24,2812,89.16
2025-07-25,2812,89.19
2025-07-28,2812,89.24
2025-07-29,2812,89.27
2025-07-30,2812,89.29
2025-07-31,2812,89.3
2025-08-01,2812,89.17
2025-08-04,2812,89.07
2025-08-05,2812,88.99
2025-08-06,2812,88.99
2025-08-07,2812,89.08
2025-08-08,2812,89.24
2025-08-11,2812,89.3
2025-08-12,2812,89.44
2025-08-13,2812,89.42
2025-08-14,2812,89.47
2025-08-15,2812,89.5
2025-08-18,2812,89.51
2025-08-19,2812,89.51
2025-08-20,2812,89.54
2025-08-21,2812,89.57
2025-08-22,2812,89.6
2025-08-25,2812,89.64
2025-08-26,2812,89.68
2025-08-27,2812,89.69
2025-08-28,2812,89.68
2025-08-29,2812,89.72
2025-09-01,2812,89.71
2025-09-02,2812,89.69
2025-09-03,2812,89.67
2025-09-04,2812,89.66
2025-09-05,2812,89.68
2025-09-08,2812,89.71
2025-09-09,2812,89.71
2025-09-10,2812,89.69
2025-09-11,2812,89.62
2025-09-12,2812,89.54
2025-09-15,2812,89.53
2025-09-16,2812,89.51
2025-09-17,2812,89.53
2025-09-18,2812,89.52
2025-09-19,2812,89.52
2025-09-22,2812,89.48
2025-09-23,2812,89.35
2025-06-25,2832,95.91
2025-06-26,2832,95.86
2025-06-27,2832,95.95
2025-06-30,2832,95.96
2025-07-01,2832,95.91
2025-07-02,2832,95.89
2025-07-03,2832,95.99
2025-07-04,2832,95.98
2025-07-07,2832,96.0
2025-07-08,2832,96.02
2025-07-09,2832,96.08
2025-07-10,2832,96.07
2025-07-11,2832,96.03
2025-07-14,2832,96.04
2025-07-15,2832,96.07
2025-07-16,2832,96.04
2025-07-17,2832,96.08
2025-07-18,2832,96.17
2025-07-21,2832,96.2
2025-07-22,2832,96.2
2025-07-23,2832,96.15
2025-07-24,2832,96.18
2025-07-25,2832,96.18
2025-07-28,2832,96.22
2025-07-29,2832,96.28
2025-07-30,2832,96.27
2025-07-31,2832,96.32
2025-08-01,2832,96.31
2025-08-04,2832,96.29
2025-08-05,2832,96.26
2025-08-06,2832,96.25
2025-08-07,2832,96.21
2025-08-08,2832,96.06
2025-08-11,2832,96.01
2025-08-12,2832,96.05
2025-08-13,2832,96.06
2025-08-14,2832,96.03
2025-08-15,2832,95.98
2025-08-18,2832,95.92
2025-08-19,2832,95.91
2025-08-20,2832,95.88
2025-08-21,2832,95.8
2025-08-22,2832,95.8
2025-08-25,2832,95.81
2025-08-26,2832,95.88
2025-08-27,2832,95.86
2025-08-28,2832,95.8
2025-08-29,2832,95.84
2025-09-01,2832,95.84
2025-09-02,2832,95.79
2025-09-03,2832,95.8
2025-09-04,2832,95.8
2025-09-05,2832,95.8
2025-09-08,2832,95.79
2025-09-09,2832,95.81
2025-09-10,2832,95.73
2025-09-11,2832,95.52
2025-09-12,2832,95.52
2025-09-15,2832,95.47
2025-09-16,2832,95.5
2025-09-17,2832,95.52
2025-09-18,2832,95.55
2025-09-19,2832,95.49
2025-09-22,2832,95.43
2025-09-23,2832,95.39
2025-06-25,2855,91.06
2025-06-26,2855,91.07
2025-06-27,2855,91.03
2025-06-30,2855,91.08
2025-07-01,2855,90.9
2025-07-02,2855,91.02
2025-07-03,2855,91.12
2025-07-04,2855,91.44
2025-07-07,2855,91.58
2025-07-08,2855,91.64
2025-07-09,2855,91.77
2025-07-10,2855,91.65
2025-07-11,2855,91.58
2025-07-14,2855,91.59
2025-07-15,2855,91.65
2025-07-16,2855,91.67
2025-07-17,2855,91.66
2025-07-18,2855,91.7
2025-07-21,2855,91.68
2025-07-22,2855,91.71
2025-07-23,2855,91.66
2025-07-24,2855,91.65
2025-07-25,2855,91.6
2025-07-28,2855,91.59
2025-07-29,2855,91.63
2025-07-30,2855,91.66
2025-07-31,2855,91.67
2025-08-01,2855,91.66
2025-08-04,2855,91.68
2025-08-05,2855,91.64
2025-08-06,2855,91.62
2025-08-07,2855,91.6
2025-08-08,2855,91.63
2025-08-11,2855,91.64
2025-08-12,2855,91.56
2025-08-13,2855,91.56
2025-08-14,2855,91.51
2025-08-15,2855,91.42
2025-08-18,2855,91.43
2025-08-19,2855,91.39
2025-08-20,2855,91.39
2025-08-21,2855,91.35
2025-08-22,2855,91.37
2025-08-25,2855,91.37
2025-08-26,2855,91.38
2025-08-27,2855,91.38
2025-08-28,2855,91.35
2025-08-29,2855,91.28
2025-09-01,2855,91.32
2025-09-02,2855,91.26
2025-09-03,2855,91.27
2025-09-04,2855,91.18
2025-09-05,2855,91.09
2025-09-08,2855,91.12
2025-09-09,2855,91.07
2025-09-10,2855,91.09
2025-09-11,2855,91.08
2025-09-12,2855,91.0
2025-09-15,2855,90.98
2025-09-16,2855,90.96
2025-09-17,2855,90.95
2025-09-18,2855,90.93
2025-09-19,2855,90.93
2025-09-22,2855,90.92
2025-09-23,2855,90.83
2025-06-25,2885,75.17
2025-06-26,2885,75.33
2025-06-27,2885,75.48
2025-06-30,2885,76.19
2025-07-01,2885,75.89
2025-07-02,2885,76.07
2025-07-03,2885,76.03
2025-07-04,2885,76.12
2025-07-07,2885,76.21
2025-07-08,2885,76.09
2025-07-09,2885,76.12
2025-07-10,2885,76.09
2025-07-11,2885,75.9
2025-07-14,2885,75.81
2025-07-15,2885,75.76
2025-07-16,2885,75.69
2025-07-17,2885,75.68
2025-07-18,2885,75.64
2025-07-21,2885,75.64
2025-07-22,2885,75.6
2025-07-23,2885,75.55
2025-07-24,2885,75.45
2025-07-25,2885,75.41
2025-07-28,2885,75.4
2025-07-29,2885,75.43
2025-07-30,2885,75.43
2025-07-31,2885,75.55
2025-08-01,2885,75.55
2025-08-04,2885,75.5
2025-08-05,2885,75.48
2025-08-06,2885,75.46
2025-08-07,2885,75.41
2025-08-08,2885,75.43
2025-08-11,2885,75.36
2025-08-12,2885,75.35
2025-08-13,2885,75.36
2025-08-14,2885,75.33
2025-08-15,2885,75.35
2025-08-18,2885,75.26
2025-08-19,2885,75.28
2025-08-20,2885,75.31
2025-08-21,2885,75.26
2025-08-22,2885,75.29
2025-08-25,2885,75.26
2025-08-26,2885,75.29
2025-08-27,2885,75.27
2025-08-28,2885,75.22
2025-08-29,2885,75.21
2025-09-01,2885,75.15
2025-09-02,2885,75.14
2025-09-03,2885,75.13
2025-09-04,2885,75.12
2025-09-05,2885,75.06
2025-09-08,2885,75.08
2025-09-09,2885,75.05
2025-09-10,2885,75.03
2025-09-11,2885,75.01
2025-09-12,2885,74.91
2025-09-15,2885,74.89
2025-09-16,2885,74.87
2025-09-17,2885,74.81
2025-09-18,2885,74.77
2025-09-19,2885,74.79
2025-09-22,2885,74.8
2025-09-23,2885,74.84
2025-06-25,3006,89.66
2025-06-26,3006,89.53
2025-06-27,3006,89.49
2025-06-30,3006,89.51
2025-07-01,3006,89.58
2025-07-02,3006,89.58
2025-07-03,3006,89.44
2025-07-04,3006,89.6
2025-07-07,3006,89.32
2025-07-08,3006,89.46
2025-07-09,3006,89.54
2025-07-10,3006,89.66
2025-07-11,3006,89.09
2025-07-14,3006,89.16
2025-07-15,3006,89.22
2025-07-16,3006,89.33
2025-07-17,3006,89.03
2025-07-18,3006,89.1
2025-07-21,3006,89.1
2025-07-22,3006,89.28
2025-07-23,3006,89.06
2025-07-24,3006,88.87
2025-07-25,3006,88.76
2025-07-28,3006,88.72
2025-07-29,3006,88.67
2025-07-30,3006,88.55
2025-07-31,3006,88.47
2025-08-01,3006,88.5
2025-08-04,3006,88.48
2025-08-05,3006,88.32
2025-08-06,3006,88.2
2025-08-07,3006,88.02
2025-08-08,3006,87.98
2025-08-11,3006,87.91
2025-08-12,3006,87.71
2025-08-13,3006,87.48
2025-08-14,3006,87.34
2025-08-15,3006,87.19
2025-08-18,3006,87.24
2025-08-19,3006,87.21
2025-08-20,3006,87.34
2025-08-21,3006,87.12
2025-08-22,3006,87.2
2025-08-25,3006,87.41
2025-08-26,3006,87.21
2025-08-27,3006,87.1
2025-08-28,3006,87.01
2025-08-29,3006,87.01
2025-09-01,3006,86.74
2025-09-02,3006,86.74
2025-09-03,3006,86.57
2025-09-04,3006,86.56
2025-09-05,3006,86.44
2025-09-08,3006,87.61
2025-09-09,3006,87.56
2025-09-10,3006,87.44
2025-09-11,3006,87.38
2025-09-12,3006,87.07
2025-09-15,3006,87.33
2025-09-16,3006,87.7
2025-09-17,3006,87.07
2025-09-18,3006,86.91
2025-09-19,3006,86.96
2025-09-22,3006,86.98
2025-09-23,3006,87.42
2025-06-25,3026,89.25
2025-06-26,3026,89.24
2025-06-27,3026,89.23
2025-06-30,3026,89.23
2025-07-01,3026,89.25
2025-07-02,3026,89.27
2025-07-03,3026,89.23
2025-07-04,3026,89.27
2025-07-07,3026,89.22
2025-07-08,3026,89.22
2025-07-09,3026,89.2
2025-07-10,3026,89.19
2025-07-11,3026,89.15
2025-07-14,3026,89.17
2025-07-15,3026,89.18
2025-07-16,3026,89.17
2025-07-17,3026,89.13
2025-07-18,3026,89.13
2025-07-21,3026,89.1
2025-07-22,3026,89.14
2025-07-23,3026,89.13
2025-07-24,3026,89.12
2025-07-25,3026,89.12
2025-07-28,3026,89.08
2025-07-29,3026,89.07
2025-07-30,3026,89.07
2025-07-31,3026,88.9
2025-08-01,3026,88.94
2025-08-04,3026,88.92
2025-08-05,3026,88.85
2025-08-06,3026,88.83
2025-08-07,3026,88.82
2025-08-08,3026,88.87
2025-08-11,3026,88.9
2025-08-12,3026,88.92
2025-08-13,3026,88.94
2025-08-14,3026,88.94
2025-08-15,3026,88.94
2025-08-18,3026,88.92
2025-08-19,3026,88.9
2025-08-20,3026,88.91
2025-08-21,3026,88.9
2025-08-22,3026,88.71
2025-08-25,3026,88.67
2025-08-26,3026,88.72
2025-08-27,3026,88.64
2025-08-28,3026,88.66
2025-08-29,3026,88.61
2025-09-01,3026,88.62
2025-09-02,3026,88.64
2025-09-03,3026,88.61
2025-09-04,3026,88.61
2025-09-05,3026,88.64
2025-09-08,3026,88.69
2025-09-09,3026,88.6
2025-09-10,3026,88.56
2025-09-11,3026,88.52
2025-09-12,3026,88.27
2025-09-15,3026,88.27
2025-09-16,3026,88.2
2025-09-17,3026,88.07
2025-09-18,3026,87.94
2025-09-19,3026,87.5
2025-09-22,3026,88.4
2025-09-23,3026,87.98
2025-06-25,3036,85.35
2025-06-26,3036,86.4
2025-06-27,3036,87.24
2025-06-30,3036,87.1
2025-07-01,3036,87.23
2025-07-02,3036,87.14
2025-07-03,3036,87.06
2025-07-04,3036,87.06
2025-07-07,3036,87.07
2025-07-08,3036,87.07
2025-07-09,3036,87.09
2025-07-10,3036,87.1
2025-07-11,3036,87.16
2025-07-14,3036,87.23
2025-07-15,3036,87.3
2025-07-16,3036,87.32
2025-07-17,3036,87.33
2025-07-18,3036,87.38
2025-07-21,3036,87.39
2025-07-22,3036,87.35
2025-07-23,3036,87.28
2025-07-24,3036,87.28
2025-07-25,3036,87.24
2025-07-28,3036,87.2
2025-07-29,3036,87.17
2025-07-30,3036,87.12
2025-07-31,3036,87.14
2025-08-01,3036,87.14
2025-08-04,3036,87.08
2025-08-05,3036,87.05
2025-08-06,3036,86.93
2025-08-07,3036,87.17
2025-08-08,3036,87.16
2025-08-11,3036,87.16
2025-08-12,3036,87.23
2025-08-13,3036,87.37
2025-08-14,3036,87.42
2025-08-15,3036,87.47
2025-08-18,3036,87.43
2025-08-19,3036,87.48
2025-08-20,3036,87.61
2025-08-21,3036,87.59
2025-08-22,3036,87.59
2025-08-25,3036,87.6
2025-08-26,3036,87.63
2025-08-27,3036,87.55
2025-08-28,3036,87.51
2025-08-29,3036,87.5
2025-09-01,3036,87.6
2025-09-02,3036,87.68
2025-09-03,3036,87.71
2025-09-04,3036,87.71
2025-09-05,3036,87.8
2025-09-08,3036,87.63
2025-09-09,3036,87.59
2025-09-10,3036,87.47
2025-09-11,3036,87.36
2025-09-12,3036,87.27
2025-09-15,3036,87.17
2025-09-16,3036,86.98
2025-09-17,3036,86.89
2025-09-18,3036,86.55
2025-09-19,3036,86.35
2025-09-22,3036,86.3
2025-09-23,3036,86.03
2025-06-25,3037,72.17
2025-06-26,3037,72.13
2025-06-27,3037,72.0
2025-06-30,3037,71.85
2025-07-01,3037,72.01
2025-07-02,3037,72.04
2025-07-03,3037,71.58
2025-07-04,3037,71.35
2025-07-07,3037,71.64
2025-07-08,3037,71.45
2025-07-09,3037,70.98
2025-07-10,3037,70.54
2025-07-11,3037,70.44
2025-07-14,3037,70.33
2025-07-15,3037,70.01
2025-07-16,3037,70.43
2025-07-17,3037,70.68
2025-07-18,3037,70.86
2025-07-21,3037,71.13
2025-07-22,3037,70.98
2025-07-23,3037,71.11
2025-07-24,3037,71.01
2025-07-25,3037,71.14
2025-07-28,3037,70.67
2025-07-29,3037,69.77
2025-07-30,3037,69.65
2025-07-31,3037,70.52
2025-08-01,3037,70.09
2025-08-04,3037,70.4
2025-08-05,3037,70.3
2025-08-06,3037,70.24
2025-08-07,3037,70.4
2025-08-08,3037,70.61
2025-08-11,3037,70.05
2025-08-12,3037,70.15
2025-08-13,3037,70.09
2025-08-14,3037,70.21
2025-08-15,3037,70.79
2025-08-18,3037,70.0
2025-08-19,3037,70.39
2025-08-20,3037,70.83
2025-08-21,3037,70.98
2025-08-22,3037,70.86
2025-08-25,3037,70.17
2025-08-26,3037,69.86
2025-08-27,3037,68.79
2025-08-28,3037,69.12
2025-08-29,3037,69.81
2025-09-01,3037,70.21
2025-09-02,3037,70.33
2025-09-03,3037,70.74
2025-09-04,3037,70.86
2025-09-05,3037,70.89
2025-09-08,3037,70.51
2025-09-09,3037,70.39
2025-09-10,3037,69.7
2025-09-11,3037,69.42
2025-09-12,3037,69.06
2025-09-15,3037,68.8
2025-09-16,3037,67.36
2025-09-17,3037,67.4
2025-09-18,3037,67.53
2025-09-19,3037,66.1
2025-09-22,3037,66.15
2025-09-23,3037,66.22
2025-06-25,3138,98.28
2025-06-26,3138,98.28
2025-06-27,3138,98.3
2025-06-30,3138,98.35
2025-07-01,3138,98.32
2025-07-02,3138,98.31
2025-07-03,3138,98.14
2025-07-04,3138,98.18
2025-07-07,3138,98.22
2025-07-08,3138,98.25
2025-07-09,3138,98.2
2025-07-10,3138,98.09
2025-07-11,3138,97.97
2025-07-14,3138,97.99
2025-07-15,3138,98.09
2025-07-16,3138,98.01
2025-07-17,3138,97.92
2025-07-18,3138,97.9
2025-07-21,3138,97.89
2025-07-22,3138,97.97
2025-07-23,3138,97.87
2025-07-24,3138,97.91
2025-07-25,3138,97.95
2025-07-28,3138,97.96
2025-07-29,3138,97.99
2025-07-30,3138,97.99
2025-07-31,3138,98.02
2025-08-01,3138,97.86
2025-08-04,3138,97.91
2025-08-05,3138,97.91
2025-08-06,3138,97.94
2025-08-07,3138,97.95
2025-08-08,3138,97.98
2025-08-11,3138,97.93
2025-08-12,3138,97.89
2025-08-13,3138,97.93
2025-08-14,3138,97.96
2025-08-15,3138,97.97
2025-08-18,3138,97.88
2025-08-19,3138,97.99
2025-08-20,3138,98.07
2025-08-21,3138,98.08
2025-08-22,3138,98.09
2025-08-25,3138,98.08
2025-08-26,3138,98.05
2025-08-27,3138,97.95
2025-08-28,3138,97.98
2025-08-29,3138,97.92
2025-09-01,3138,97.98
2025-09-02,3138,97.97
2025-09-03,3138,97.91
2025-09-04,3138,98.0
2025-09-05,3138,98.02
2025-09-08,3138,97.95
2025-09-09,3138,97.94
2025-09-10,3138,97.96
2025-09-11,3138,97.89
2025-09-12,3138,97.95
2025-09-15,3138,98.05
2025-09-16,3138,98.01
2025-09-17,3138,97.89
2025-09-18,3138,97.85
2025-09-19,3138,97.84
2025-09-22,3138,97.56
2025-09-23,3138,97.51
2025-06-25,3149,95.57
2025-06-26,3149,95.72
2025-06-27,3149,95.89
2025-06-30,3149,96.16
2025-07-01,3149,96.43
2025-07-02,3149,96.46
2025-07-03,3149,96.48
2025-07-04,3149,96.69
2025-07-07,3149,96.75
2025-07-08,3149,96.82
2025-07-09,3149,96.95
2025-07-10,3149,97.09
2025-07-11,3149,97.11
2025-07-14,3149,97.19
2025-07-15,3149,97.18
2025-07-16,3149,97.22
2025-07-17,3149,97.26
2025-07-18,3149,97.38
2025-07-21,3149,97.47
2025-07-22,3149,97.78
2025-07-23,3149,97.93
2025-07-24,3149,97.95
2025-07-25,3149,98.1
2025-07-28,3149,98.11
2025-07-29,3149,98.16
2025-07-30,3149,98.13
2025-07-31,3149,98.09
2025-08-01,3149,97.95
2025-08-04,3149,97.99
2025-08-05,3149,98.02
2025-08-06,3149,98.13
2025-08-07,3149,98.15
2025-08-08,3149,98.17
2025-08-11,3149,98.12
2025-08-12,3149,98.02
2025-08-13,3149,97.72
2025-08-14,3149,98.09
2025-08-15,3149,97.9
2025-08-18,3149,97.09
2025-08-19,3149,97.27
2025-08-20,3149,97.25
2025-08-21,3149,97.21
2025-08-22,3149,96.46
2025-08-25,3149,96.46
2025-08-26,3149,96.48
2025-08-27,3149,95.05
2025-08-28,3149,95.79
2025-08-29,3149,95.55
2025-09-01,3149,95.38
2025-09-02,3149,95.47
2025-09-03,3149,95.62
2025-09-04,3149,95.49
2025-09-05,3149,95.4
2025-09-08,3149,95.44
2025-09-09,3149,95.67
2025-09-10,3149,95.29
2025-09-11,3149,95.0
2025-09-12,3149,95.46
2025-09-15,3149,95.58
2025-09-16,3149,95.09
2025-09-17,3149,95.57
2025-09-18,3149,95.38
2025-09-19,3149,95.01
2025-09-22,3149,95.04
2025-09-23,3149,95.52
2025-06-25,3231,70.04
2025-06-26,3231,70.48
2025-06-27,3231,70.64
2025-06-30,3231,70.44
2025-07-01,3231,70.68
2025-07-02,3231,70.87
2025-07-03,3231,70.84
2025-07-04,3231,70.79
2025-07-07,3231,70.89
2025-07-08,3231,70.82
2025-07-09,3231,71.07
2025-07-10,3231,71.09
2025-07-11,3231,71.05
2025-07-14,3231,71.24
2025-07-15,3231,70.99
2025-07-16,3231,71.15
2025-07-17,3231,71.11
2025-07-18,3231,71.14
2025-07-21,3231,71.2
2025-07-22,3231,71.42
2025-07-23,3231,71.43
2025-07-24,3231,71.45
2025-07-25,3231,71.36
2025-07-28,3231,70.99
2025-07-29,3231,70.68
2025-07-30,3231,70.77
2025-07-31,3231,70.22
2025-08-01,3231,70.15
2025-08-04,3231,70.33
2025-08-05,3231,69.58
2025-08-06,3231,69.54
2025-08-07,3231,69.37
2025-08-08,3231,69.1
2025-08-11,3231,68.54
2025-08-12,3231,68.71
2025-08-13,3231,70.74
2025-08-14,3231,71.01
2025-08-15,3231,71.42
2025-08-18,3231,71.39
2025-08-19,3231,71.46
2025-08-20,3231,71.56
2025-08-21,3231,71.83
2025-08-22,3231,71.88
2025-08-25,3231,72.15
2025-08-26,3231,72.1
2025-08-27,3231,72.01
2025-08-28,3231,72.0
2025-08-29,3231,72.19
2025-09-01,3231,72.74
2025-09-02,3231,72.61
2025-09-03,3231,72.72
2025-09-04,3231,72.65
2025-09-05,3231,72.68
2025-09-08,3231,72.65
2025-09-09,3231,72.33
2025-09-10,3231,71.57
2025-09-11,3231,70.72
2025-09-12,3231,70.67
2025-09-15,3231,70.65
2025-09-16,3231,70.72
2025-09-17,3231,70.61
2025-09-18,3231,70.34
2025-09-19,3231,70.1
2025-09-22,3231,69.91
2025-09-23,3231,69.45
2025-06-25,3380,91.63
2025-06-26,3380,91.63
2025-06-27,3380,91.7
2025-06-30,3380,91.71
2025-07-01,3380,91.67
2025-07-02,3380,91.57
2025-07-03,3380,91.56
2025-07-04,3380,91.72
2025-07-07,3380,91.73
2025-07-08,3380,91.87
2025-07-09,3380,91.9
2025-07-10,3380,91.9
2025-07-11,3380,91.92
2025-07-14,3380,92.11
2025-07-15,3380,92.2
2025-07-16,3380,92.31
2025-07-17,3380,92.37
2025-07-18,3380,92.42
2025-07-21,3380,92.27
2025-07-22,3380,92.33
2025-07-23,3380,92.32
2025-07-24,3380,92.29
2025-07-25,3380,92.29
2025-07-28,3380,92.28
2025-07-29,3380,92.18
2025-07-30,3380,92.16
2025-07-31,3380,92.23
2025-08-01,3380,92.14
2025-08-04,3380,92.13
2025-08-05,3380,92.11
2025-08-06,3380,92.09
2025-08-07,3380,92.19
2025-08-08,3380,92.21
2025-08-11,3380,92.2
2025-08-12,3380,92.09
2025-08-13,3380,91.99
2025-08-14,3380,92.03
2025-08-15,3380,92.08
2025-08-18,3380,92.08
2025-08-19,3380,92.11
2025-08-20,3380,92.11
2025-08-21,3380,92.11
2025-08-22,3380,92.2
2025-08-25,3380,92.11
2025-08-26,3380,92.17
2025-08-27,3380,92.15
2025-08-28,3380,92.2
2025-08-29,3380,92.17
2025-09-01,3380,92.28
2025-09-02,3380,92.32
2025-09-03,3380,92.3
2025-09-04,3380,92.36
2025-09-05,3380,92.48
2025-09-08,3380,92.47
2025-09-09,3380,92.63
2025-09-10,3380,92.72
2025-09-11,3380,92.63
2025-09-12,3380,92.65
2025-09-15,3380,92.63
2025-09-16,3380,92.67
2025-09-17,3380,92.68
2025-09-18,3380,92.68
2025-09-19,3380,92.67
2025-09-22,3380,92.62
2025-09-23,3380,92.64
2025-06-25,3419,97.82
2025-06-26,3419,97.78
2025-06-27,3419,97.78
2025-06-30,3419,97.78
2025-07-01,3419,97.75
2025-07-02,3419,97.75
2025-07-03,3419,97.76
2025-07-04,3419,97.79
2025-07-07,3419,98.12
2025-07-08,3419,98.12
2025-07-09,3419,98.11
2025-07-10,3419,98.12
2025-07-11,3419,98.07
2025-07-14,3419,98.07
2025-07-15,3419,98.06
2025-07-16,3419,98.06
2025-07-17,3419,98.12
2025-07-18,3419,98.11
2025-07-21,3419,98.11
2025-07-22,3419,98.13
2025-07-23,3419,98.14
2025-07-24,3419,98.15
2025-07-25,3419,98.16
2025-07-28,3419,98.19
2025-07-29,3419,98.2
2025-07-30,3419,98.2
2025-07-31,3419,98.21
2025-08-01,3419,98.21
2025-08-04,3419,98.21
2025-08-05,3419,98.21
2025-08-06,3419,98.22
2025-08-07,3419,98.22
2025-08-08,3419,98.24
2025-08-11,3419,98.25
2025-08-12,3419,98.3
2025-08-13,3419,98.32
2025-08-14,3419,98.31
2025-08-15,3419,98.3
2025-08-18,3419,98.34
2025-08-19,3419,98.37
2025-08-20,3419,98.41
2025-08-21,3419,98.42
2025-08-22,3419,98.42
2025-08-25,3419,98.46
2025-08-26,3419,98.46
2025-08-27,3419,98.46
2025-08-28,3419,98.47
2025-08-29,3419,98.47
2025-09-01,3419,98.48
2025-09-02,3419,98.48
2025-09-03,3419,98.49
2025-09-04,3419,98.47
2025-09-05,3419,98.47
2025-09-08,3419,98.44
2025-09-09,3419,98.38
2025-09-10,3419,98.36
2025-09-11,3419,98.41
2025-09-12,3419,98.53
2025-09-15,3419,98.54
2025-09-16,3419,98.53
2025-09-17,3419,98.54
2025-09-18,3419,98.51
2025-09-19,3419,98.51
2025-09-22,3419,98.47
2025-09-23,3419,98.4
2025-06-25,3450,89.12
2025-06-26,3450,89.2
2025-06-27,3450,89.9
2025-06-30,3450,89.52
2025-07-01,3450,90.21
2025-07-02,3450,89.95
2025-07-03,3450,90.24
2025-07-04,3450,91.7
2025-07-07,3450,92.08
2025-07-08,3450,91.18
2025-07-09,3450,90.74
2025-07-10,3450,90.14
2025-07-11,3450,90.87
2025-07-14,3450,90.76
2025-07-15,3450,89.95
2025-07-16,3450,89.34
2025-07-17,3450,89.93
2025-07-18,3450,89.98
2025-07-21,3450,90.46
2025-07-22,3450,90.32
2025-07-23,3450,90.48
2025-07-24,3450,90.31
2025-07-25,3450,90.06
2025-07-28,3450,90.89
2025-07-29,3450,90.96
2025-07-30,3450,91.74
2025-07-31,3450,92.13
2025-08-01,3450,91.11
2025-08-04,3450,91.61
2025-08-05,3450,91.82
2025-08-06,3450,92.28
2025-08-07,3450,91.92
2025-08-08,3450,92.06
2025-08-11,3450,91.66
2025-08-12,3450,92.13
2025-08-13,3450,91.55
2025-08-14,3450,91.33
2025-08-15,3450,91.76
2025-08-18,3450,91.83
2025-08-19,3450,91.3
2025-08-20,3450,91.8
2025-08-21,3450,92.06
2025-08-22,3450,92.49
2025-08-25,3450,90.47
2025-08-26,3450,90.87
2025-08-27,3450,90.0
2025-08-28,3450,90.33
2025-08-29,3450,90.63
2025-09-01,3450,91.09
2025-09-02,3450,91.39
2025-09-03,3450,91.01
2025-09-04,3450,91.3
2025-09-05,3450,91.13
2025-09-08,3450,90.92
2025-09-09,3450,91.52
2025-09-10,3450,90.67
2025-09-11,3450,90.65
2025-09-12,3450,90.41
2025-09-15,3450,91.19
2025-09-16,3450,90.92
2025-09-17,3450,88.53
2025-09-18,3450,89.19
2025-09-19,3450,86.49
2025-09-22,3450,85.96
2025-09-23,3450,85.25
2025-06-25,3686,99.27
2025-06-26,3686,99.11
2025-06-27,3686,99.19
2025-06-30,3686,99.23
2025-07-01,3686,99.18
2025-07-02,3686,99.18
2025-07-03,3686,99.12
2025-07-04,3686,99.17
2025-07-07,3686,99.18
2025-07-08,3686,99.19
2025-07-09,3686,99.2
2025-07-10,3686,99.2
2025-07-11,3686,99.17
2025-07-14,3686,99.24
2025-07-15,3686,99.24
2025-07-16,3686,99.25
2025-07-17,3686,99.23
2025-07-18,3686,99.25
2025-07-21,3686,99.21
2025-07-22,3686,99.22
2025-07-23,3686,99.13
2025-07-24,3686,99.06
2025-07-25,3686,99.04
2025-07-28,3686,99.04
2025-07-29,3686,99.05
2025-07-30,3686,99.05
2025-07-31,3686,99.05
2025-08-01,3686,99.03
2025-08-04,3686,99.0
2025-08-05,3686,99.01
2025-08-06,3686,99.01
2025-08-07,3686,99.01
2025-08-08,3686,99.0
2025-08-11,3686,98.99
2025-08-12,3686,98.97
2025-08-13,3686,98.95
2025-08-14,3686,98.91
2025-08-15,3686,98.86
2025-08-18,3686,98.81
2025-08-19,3686,98.77
2025-08-20,3686,98.77
2025-08-21,3686,98.72
2025-08-22,3686,98.7
2025-08-25,3686,98.7
2025-08-26,3686,98.59
2025-08-27,3686,98.57
2025-08-28,3686,98.57
2025-08-29,3686,98.62
2025-09-01,3686,98.63
2025-09-02,3686,98.69
2025-09-03,3686,98.62
2025-09-04,3686,98.6
2025-09-05,3686,98.6
2025-09-08,3686,98.57
2025-09-09,3686,98.56
2025-09-10,3686,98.56
2025-09-11,3686,98.56
2025-09-12,3686,98.59
2025-09-15,3686,98.53
2025-09-16,3686,98.66
2025-09-17,3686,98.58
2025-09-18,3686,98.52
2025-09-19,3686,98.77
2025-09-22,3686,98.72
2025-09-23,3686,98.54
2025-06-25,3711,28.72
2025-06-26,3711,28.82
2025-06-27,3711,28.68
2025-06-30,3711,28.7
2025-07-01,3711,28.7
2025-07-02,3711,28.04
2025-07-03,3711,27.5
2025-07-04,3711,27.05
2025-07-07,3711,26.96
2025-07-08,3711,27.07
2025-07-09,3711,27.12
2025-07-10,3711,27.06
2025-07-11,3711,27.06
2025-07-14,3711,27.1
2025-07-15,3711,27.16
2025-07-16,3711,27.17
2025-07-17,3711,27.21
2025-07-18,3711,27.29
2025-07-21,3711,27.31
2025-07-22,3711,27.25
2025-07-23,3711,27.3
2025-07-24,3711,27.31
2025-07-25,3711,27.34
2025-07-28,3711,27.4
2025-07-29,3711,27.44
2025-07-30,3711,27.53
2025-07-31,3711,27.59
2025-08-01,3711,28.06
2025-08-04,3711,28.15
2025-08-05,3711,28.28
2025-08-06,3711,28.3
2025-08-07,3711,28.28
2025-08-08,3711,28.29
2025-08-11,3711,28.28
2025-08-12,3711,28.44
2025-08-13,3711,28.48
2025-08-14,3711,28.59
2025-08-15,3711,28.64
2025-08-18,3711,28.59
2025-08-19,3711,28.65
2025-08-20,3711,28.74
2025-08-21,3711,28.81
2025-08-22,3711,28.84
2025-08-25,3711,28.73
2025-08-26,3711,28.73
2025-08-27,3711,28.66
2025-08-28,3711,28.7
2025-08-29,3711,28.51
2025-09-01,3711,28.36
2025-09-02,3711,28.24
2025-09-03,3711,28.23
2025-09-04,3711,28.24
2025-09-05,3711,28.26
2025-09-08,3711,28.28
2025-09-09,3711,28.23
2025-09-10,3711,28.18
2025-09-11,3711,28.12
2025-09-12,3711,28.11
2025-09-15,3711,28.06
2025-09-16,3711,28.03
2025-09-17,3711,27.99
2025-09-18,3711,27.96
2025-09-19,3711,27.9
2025-09-22,3711,27.78
2025-09-23,3711,27.61
2025-06-25,4536,81.61
2025-06-26,4536,81.56
2025-06-27,4536,81.51
2025-06-30,4536,81.46
2025-07-01,4536,81.44
2025-07-02,4536,81.39
2025-07-03,4536,81.21
2025-07-04,4536,81.13
2025-07-07,4536,81.12
2025-07-08,4536,81.4
2025-07-09,4536,81.46
2025-07-10,4536,81.74
2025-07-11,4536,81.77
2025-07-14,4536,82.45
2025-07-15,4536,82.83
2025-07-16,4536,82.43
2025-07-17,4536,82.47
2025-07-18,4536,82.49
2025-07-21,4536,82.2
2025-07-22,4536,82.24
2025-07-23,4536,82.16
2025-07-24,4536,82.17
2025-07-25,4536,82.17
2025-07-28,4536,82.16
2025-07-29,4536,82.17
2025-07-30,4536,82.14
2025-07-31,4536,82.25
2025-08-01,4536,81.78
2025-08-04,4536,81.71
2025-08-05,4536,81.59
2025-08-06,4536,81.58
2025-08-07,4536,81.56
2025-08-08,4536,81.52
2025-08-11,4536,81.94
2025-08-12,4536,81.63
2025-08-13,4536,81.5
2025-08-14,4536,81.23
2025-08-15,4536,81.24
2025-08-18,4536,81.39
2025-08-19,4536,81.63
2025-08-20,4536,81.91
2025-08-21,4536,81.93
2025-08-22,4536,81.88
2025-08-25,4536,81.67
2025-08-26,4536,81.5
2025-08-27,4536,81.37
2025-08-28,4536,81.28
2025-08-29,4536,81.12
2025-09-01,4536,81.09
2025-09-02,4536,81.13
2025-09-03,4536,81.09
2025-09-04,4536,80.93
2025-09-05,4536,81.29
2025-09-08,4536,81.14
2025-09-09,4536,81.24
2025-09-10,4536,81.13
2025-09-11,4536,81.52
2025-09-12,4536,81.49
2025-09-15,4536,81.39
2025-09-16,4536,81.34
2025-09-17,4536,81.16
2025-09-18,4536,81.07
2025-09-19,4536,81.06
2025-09-22,4536,80.94
2025-09-23,4536,80.86
2025-06-25,4722,96.82
2025-06-26,4722,97.07
2025-06-27,4722,96.6
2025-06-30,4722,96.85
2025-07-01,4722,96.85
2025-07-02,4722,96.79
2025-07-03,4722,96.69
2025-07-04,4722,96.66
2025-07-07,4722,96.6
2025-07-08,4722,96.16
2025-07-09,4722,96.19
2025-07-10,4722,96.28
2025-07-11,4722,96.25
2025-07-14,4722,96.22
2025-07-15,4722,96.18
2025-07-16,4722,96.66
2025-07-17,4722,96.63
2025-07-18,4722,96.73
2025-07-21,4722,96.8
2025-07-22,4722,96.6
2025-07-23,4722,96.7
2025-07-24,4722,96.91
2025-07-25,4722,96.82
2025-07-28,4722,96.82
2025-07-29,4722,97.3
2025-07-30,4722,97.18
2025-07-31,4722,97.17
2025-08-01,4722,97.05
2025-08-04,4722,97.15
2025-08-05,4722,97.31
2025-08-06,4722,97.2
2025-08-07,4722,96.95
2025-08-08,4722,96.36
2025-08-11,4722,94.75
2025-08-12,4722,94.74
2025-08-13,4722,92.28
2025-08-14,4722,92.76
2025-08-15,4722,94.45
2025-08-18,4722,94.34
2025-08-19,4722,93.85
2025-08-20,4722,91.03
2025-08-21,4722,91.73
2025-08-22,4722,91.89
2025-08-25,4722,91.4
2025-08-26,4722,90.68
2025-08-27,4722,90.65
2025-08-28,4722,90.43
2025-08-29,4722,90.43
2025-09-01,4722,90.15
2025-09-02,4722,89.9
2025-09-03,4722,89.87
2025-09-04,4722,89.83
2025-09-05,4722,89.73
2025-09-08,4722,89.78
2025-09-09,4722,90.93
2025-09-10,4722,90.79
2025-09-11,4722,93.33
2025-09-12,4722,93.58
2025-09-15,4722,92.9
2025-09-16,4722,92.95
2025-09-17,4722,92.67
2025-09-18,4722,92.5
2025-09-19,4722,93.55
2025-09-22,4722,93.69
2025-09-23,4722,93.4
2025-06-25,4755,79.18
2025-06-26,4755,79.18
2025-06-27,4755,79.21
2025-06-30,4755,79.2
2025-07-01,4755,79.17
2025-07-02,4755,79.16
2025-07-03,4755,79.13
2025-07-04,4755,79.16
2025-07-07,4755,79.13
2025-07-08,4755,79.15
2025-07-09,4755,79.14
2025-07-10,4755,79.14
2025-07-11,4755,79.12
2025-07-14,4755,79.11
2025-07-15,4755,79.06
2025-07-16,4755,79.03
2025-07-17,4755,78.96
2025-07-18,4755,78.98
2025-07-21,4755,78.98
2025-07-22,4755,79.01
2025-07-23,4755,78.94
2025-07-24,4755,78.96
2025-07-25,4755,78.94
2025-07-28,4755,78.91
2025-07-29,4755,78.92
2025-07-30,4755,78.97
2025-07-31,4755,78.97
2025-08-01,4755,78.99
2025-08-04,4755,78.99
2025-08-05,4755,78.98
2025-08-06,4755,78.97
2025-08-07,4755,78.92
2025-08-08,4755,78.96
2025-08-11,4755,78.98
2025-08-12,4755,78.97
2025-08-13,4755,78.98
2025-08-14,4755,78.92
2025-08-15,4755,78.89
2025-08-18,4755,78.89
2025-08-19,4755,79.0
2025-08-20,4755,78.99
2025-08-21,4755,78.88
2025-08-22,4755,78.91
2025-08-25,4755,78.87
2025-08-26,4755,78.82
2025-08-27,4755,78.77
2025-08-28,4755,78.8
2025-08-29,4755,78.75
2025-09-01,4755,78.81
2025-09-02,4755,78.82
2025-09-03,4755,78.8
2025-09-04,4755,78.84
2025-09-05,4755,78.83
2025-09-08,4755,78.8
2025-09-09,4755,78.81
2025-09-10,4755,78.8
2025-09-11,4755,78.86
2025-09-12,4755,78.84
2025-09-15,4755,78.85
2025-09-16,4755,78.88
2025-09-17,4755,78.89
2025-09-18,4755,78.72
2025-09-19,4755,78.75
2025-09-22,4755,78.75
2025-09-23,4755,78.69
2025-06-25,5469,83.75
2025-06-26,5469,83.7
2025-06-27,5469,84.38
2025-06-30,5469,84.22
2025-07-01,5469,84.16
2025-07-02,5469,84.16
2025-07-03,5469,84.23
2025-07-04,5469,84.17
2025-07-07,5469,84.24
2025-07-08,5469,84.18
2025-07-09,5469,83.66
2025-07-10,5469,83.82
2025-07-11,5469,83.27
2025-07-14,5469,83.39
2025-07-15,5469,83.24
2025-07-16,5469,83.24
2025-07-17,5469,83.11
2025-07-18,5469,82.87
2025-07-21,5469,82.79
2025-07-22,5469,83.12
2025-07-23,5469,82.38
2025-07-24,5469,82.91
2025-07-25,5469,82.37
2025-07-28,5469,82.23
2025-07-29,5469,81.91
2025-07-30,5469,81.67
2025-07-31,5469,81.48
2025-08-01,5469,81.33
2025-08-04,5469,81.26
2025-08-05,5469,81.13
2025-08-06,5469,81.12
2025-08-07,5469,81.26
2025-08-08,5469,81.19
2025-08-11,5469,81.04
2025-08-12,5469,81.12
2025-08-13,5469,80.79
2025-08-14,5469,80.76
2025-08-15,5469,80.81
2025-08-18,5469,80.42
2025-08-19,5469,80.57
2025-08-20,5469,80.37
2025-08-21,5469,80.27
2025-08-22,5469,80.24
2025-08-25,5469,79.88
2025-08-26,5469,80.32
2025-08-27,5469,79.87
2025-08-28,5469,80.6
2025-08-29,5469,80.4
2025-09-01,5469,81.71
2025-09-02,5469,81.77
2025-09-03,5469,81.77
2025-09-04,5469,82.06
2025-09-05,5469,82.28
2025-09-08,5469,82.44
2025-09-09,5469,82.68
2025-09-10,5469,82.64
2025-09-11,5469,82.75
2025-09-12,5469,82.82
2025-09-15,5469,82.62
2025-09-16,5469,82.68
2025-09-17,5469,82.83
2025-09-18,5469,82.32
2025-09-19,5469,80.72
2025-09-22,5469,79.88
2025-09-23,5469,78.43
2025-06-25,6116,92.96
2025-06-26,6116,92.78
2025-06-27,6116,92.72
2025-06-30,6116,92.81
2025-07-01,6116,92.78
2025-07-02,6116,92.78
2025-07-03,6116,92.63
2025-07-04,6116,92.66
2025-07-07,6116,92.68
2025-07-08,6116,92.72
2025-07-09,6116,92.74
2025-07-10,6116,92.81
2025-07-11,6116,92.8
2025-07-14,6116,92.8
2025-07-15,6116,92.8
2025-07-16,6116,92.81
2025-07-17,6116,92.74
2025-07-18,6116,92.72
2025-07-21,6116,92.69
2025-07-22,6116,92.77
2025-07-23,6116,92.61
2025-07-24,6116,92.6
2025-07-25,6116,92.5
2025-07-28,6116,92.3
2025-07-29,6116,92.3
2025-07-30,6116,92.23
2025-07-31,6116,92.28
2025-08-01,6116,92.26
2025-08-04,6116,92.28
2025-08-05,6116,92.22
2025-08-06,6116,92.15
2025-08-07,6116,92.14
2025-08-08,6116,92.14
2025-08-11,6116,92.08
2025-08-12,6116,91.92
2025-08-13,6116,91.88
2025-08-14,6116,91.84
2025-08-15,6116,91.74
2025-08-18,6116,91.69
2025-08-19,6116,91.64
2025-08-20,6116,91.7
2025-08-21,6116,91.54
2025-08-22,6116,91.61
2025-08-25,6116,91.61
2025-08-26,6116,91.66
2025-08-27,6116,91.56
2025-08-28,6116,91.43
2025-08-29,6116,91.47
2025-09-01,6116,91.53
2025-09-02,6116,91.54
2025-09-03,6116,91.71
2025-09-04,6116,91.62
2025-09-05,6116,91.55
2025-09-08,6116,91.51
2025-09-09,6116,91.55
2025-09-10,6116,91.61
2025-09-11,6116,91.74
2025-09-12,6116,91.66
2025-09-15,6116,91.67
2025-09-16,6116,91.66
2025-09-17,6116,91.36
2025-09-18,6116,91.29
2025-09-19,6116,91.29
2025-09-22,6116,91.33
2025-09-23,6116,91.32
2025-06-25,6515,80.57
2025-06-26,6515,81.02
2025-06-27,6515,81.44
2025-06-30,6515,81.32
2025-07-01,6515,82.08
2025-07-02,6515,82.11
2025-07-03,6515,81.85
2025-07-04,6515,80.74
2025-07-07,6515,80.37
2025-07-08,6515,80.25
2025-07-09,6515,79.99
2025-07-10,6515,79.71
2025-07-11,6515,79.85
2025-07-14,6515,79.56
2025-07-15,6515,79.6
2025-07-16,6515,80.44
2025-07-17,6515,80.43
2025-07-18,6515,80.47
2025-07-21,6515,80.3
2025-07-22,6515,80.31
2025-07-23,6515,80.44
2025-07-24,6515,81.35
2025-07-25,6515,81.44
2025-07-28,6515,82.36
2025-07-29,6515,82.92
2025-07-30,6515,83.39
2025-07-31,6515,83.7
2025-08-01,6515,83.5
2025-08-04,6515,83.69
2025-08-05,6515,83.92
2025-08-06,6515,83.72
2025-08-07,6515,83.84
2025-08-08,6515,83.86
2025-08-11,6515,83.8
2025-08-12,6515,84.15
2025-08-13,6515,84.29
2025-08-14,6515,83.68
2025-08-15,6515,84.01
2025-08-18,6515,84.15
2025-08-19,6515,83.97
2025-08-20,6515,83.81
2025-08-21,6515,84.03
2025-08-22,6515,83.73
2025-08-25,6515,84.01
2025-08-26,6515,84.14
2025-08-27,6515,83.92
2025-08-28,6515,83.91
2025-08-29,6515,82.7
2025-09-01,6515,81.41
2025-09-02,6515,79.99
2025-09-03,6515,79.48
2025-09-04,6515,79.44
2025-09-05,6515,79.57
2025-09-08,6515,79.53
2025-09-09,6515,79.59
2025-09-10,6515,79.64
2025-09-11,6515,79.59
2025-09-12,6515,79.62
2025-09-15,6515,79.42
2025-09-16,6515,79.32
2025-09-17,6515,79.34
2025-09-18,6515,80.25
2025-09-19,6515,80.97
2025-09-22,6515,81.11
2025-09-23,6515,81.4
2025-06-25,6719,92.23
2025-06-26,6719,92.23
2025-06-27,6719,92.08
2025-06-30,6719,92.24
2025-07-01,6719,92.36
2025-07-02,6719,92.56
2025-07-03,6719,92.51
2025-07-04,6719,92.64
2025-07-07,6719,92.66
2025-07-08,6719,92.74
2025-07-09,6719,92.85
2025-07-10,6719,92.69
2025-07-11,6719,92.66
2025-07-14,6719,92.8
2025-07-15,6719,92.77
2025-07-16,6719,92.7
2025-07-17,6719,92.62
2025-07-18,6719,92.65
2025-07-21,6719,92.69
2025-07-22,6719,92.68
2025-07-23,6719,92.66
2025-07-24,6719,92.64
2025-07-25,6719,92.69
2025-07-28,6719,92.68
2025-07-29,6719,92.63
2025-07-30,6719,92.64
2025-07-31,6719,92.78
2025-08-01,6719,92.77
2025-08-04,6719,92.77
2025-08-05,6719,92.63
2025-08-06,6719,92.96
2025-08-07,6719,92.99
2025-08-08,6719,92.96
2025-08-11,6719,92.95
2025-08-12,6719,92.86
2025-08-13,6719,92.82
2025-08-14,6719,92.91
2025-08-15,6719,92.91
2025-08-18,6719,92.7
2025-08-19,6719,92.71
2025-08-20,6719,92.63
2025-08-21,6719,92.64
2025-08-22,6719,92.7
2025-08-25,6719,92.68
2025-08-26,6719,92.6
2025-08-27,6719,92.54
2025-08-28,6719,92.58
2025-08-29,6719,92.58
2025-09-01,6719,92.48
2025-09-02,6719,92.42
2025-09-03,6719,92.41
2025-09-04,6719,92.37
2025-09-05,6719,92.38
2025-09-08,6719,92.08
2025-09-09,6719,91.97
2025-09-10,6719,92.01
2025-09-11,6719,91.99
2025-09-12,6719,91.85
2025-09-15,6719,91.85
2025-09-16,6719,91.63
2025-09-17,6719,91.64
2025-09-18,6719,91.54
2025-09-19,6719,91.55
2025-09-22,6719,91.54
2025-09-23,6719,91.36
2025-06-25,6768,40.64
2025-06-26,6768,40.6
2025-06-27,6768,40.62
2025-06-30,6768,40.58
2025-07-01,6768,40.65
2025-07-02,6768,40.56
2025-07-03,6768,40.76
2025-07-04,6768,40.65
2025-07-07,6768,40.68
2025-07-08,6768,40.83
2025-07-09,6768,41.21
2025-07-10,6768,41.27
2025-07-11,6768,41.26
2025-07-14,6768,41.26
2025-07-15,6768,41.32
2025-07-16,6768,41.29
2025-07-17,6768,41.14
2025-07-18,6768,41.24
2025-07-21,6768,41.2
2025-07-22,6768,41.44
2025-07-23,6768,41.52
2025-07-24,6768,41.69
2025-07-25,6768,41.73
2025-07-28,6768,41.89
2025-07-29,6768,41.93
2025-07-30,6768,41.85
2025-07-31,6768,41.83
2025-08-01,6768,41.85
2025-08-04,6768,41.7
2025-08-05,6768,41.39
2025-08-06,6768,41.17
2025-08-07,6768,41.13
2025-08-08,6768,40.74
2025-08-11,6768,40.73
2025-08-12,6768,40.27
2025-08-13,6768,40.1
2025-08-14,6768,39.88
2025-08-15,6768,39.85
2025-08-18,6768,40.17
2025-08-19,6768,40.25
2025-08-20,6768,40.33
2025-08-21,6768,40.37
2025-08-22,6768,40.54
2025-08-25,6768,40.46
2025-08-26,6768,40.54
2025-08-27,6768,40.52
2025-08-28,6768,40.5
2025-08-29,6768,40.52
2025-09-01,6768,40.74
2025-09-02,6768,40.89
2025-09-03,6768,41.07
2025-09-04,6768,40.87
2025-09-05,6768,40.92
2025-09-08,6768,41.35
2025-09-09,6768,41.41
2025-09-10,6768,41.55
2025-09-11,6768,41.94
2025-09-12,6768,41.86
2025-09-15,6768,41.89
2025-09-16,6768,41.83
2025-09-17,6768,41.67
2025-09-18,6768,41.35
2025-09-19,6768,41.42
2025-09-22,6768,41.33
2025-09-23,6768,41.02
2025-06-25,6770,92.77
2025-06-26,6770,92.73
2025-06-27,6770,92.68
2025-06-30,6770,92.66
2025-07-01,6770,92.66
2025-07-02,6770,92.63
2025-07-03,6770,92.74
2025-07-04,6770,93.09
2025-07-07,6770,92.91
2025-07-08,6770,92.97
2025-07-09,6770,93.09
2025-07-10,6770,93.14
2025-07-11,6770,93.01
2025-07-14,6770,92.97
2025-07-15,6770,92.94
2025-07-16,6770,92.9
2025-07-17,6770,92.78
2025-07-18,6770,92.77
2025-07-21,6770,92.92
2025-07-22,6770,93.02
2025-07-23,6770,93.26
2025-07-24,6770,93.23
2025-07-25,6770,93.19
2025-07-28,6770,93.12
2025-07-29,6770,93.19
2025-07-30,6770,93.17
2025-07-31,6770,93.25
2025-08-01,6770,93.2
2025-08-04,6770,93.38
2025-08-05,6770,93.39
2025-08-06,6770,93.43
2025-08-07,6770,93.6
2025-08-08,6770,93.54
2025-08-11,6770,93.49
2025-08-12,6770,93.47
2025-08-13,6770,93.34
2025-08-14,6770,93.14
2025-08-15,6770,93.11
2025-08-18,6770,92.9
2025-08-19,6770,92.92
2025-08-20,6770,93.01
2025-08-21,6770,92.82
2025-08-22,6770,92.86
2025-08-25,6770,92.79
2025-08-26,6770,92.76
2025-08-27,6770,92.65
2025-08-28,6770,92.67
2025-08-29,6770,92.68
2025-09-01,6770,92.52
2025-09-02,6770,92.65
2025-09-03,6770,92.7
2025-09-04,6770,92.59
2025-09-05,6770,92.46
2025-09-08,6770,92.39
2025-09-09,6770,92.34
2025-09-10,6770,92.18
2025-09-11,6770,92.13
2025-09-12,6770,92.02
2025-09-15,6770,92.35
2025-09-16,6770,92.09
2025-09-17,6770,91.55
2025-09-18,6770,91.63
2025-09-19,6770,90.71
2025-09-22,6770,90.81
2025-09-23,6770,90.04
2025-06-25,8046,95.51
2025-06-26,8046,95.43
2025-06-27,8046,95.43
2025-06-30,8046,95.42
2025-07-01,8046,95.37
2025-07-02,8046,95.32
2025-07-03,8046,94.6
2025-07-04,8046,94.38
2025-07-07,8046,94.59
2025-07-08,8046,94.45
2025-07-09,8046,94.3
2025-07-10,8046,94.2
2025-07-11,8046,93.81
2025-07-14,8046,93.73
2025-07-15,8046,93.63
2025-07-16,8046,93.04
2025-07-17,8046,93.76
2025-07-18,8046,93.83
2025-07-21,8046,94.16
2025-07-22,8046,93.47
2025-07-23,8046,93.73
2025-07-24,8046,93.72
2025-07-25,8046,93.55
2025-07-28,8046,93.72
2025-07-29,8046,94.37
2025-07-30,8046,94.0
2025-07-31,8046,93.75
2025-08-01,8046,93.71
2025-08-04,8046,94.01
2025-08-05,8046,94.05
2025-08-06,8046,94.27
2025-08-07,8046,94.29
2025-08-08,8046,94.02
2025-08-11,8046,94.19
2025-08-12,8046,94.42
2025-08-13,8046,94.04
2025-08-14,8046,93.97
2025-08-15,8046,93.97
2025-08-18,8046,92.89
2025-08-19,8046,93.07
2025-08-20,8046,93.71
2025-08-21,8046,93.62
2025-08-22,8046,93.49
2025-08-25,8046,92.65
2025-08-26,8046,92.21
2025-08-27,8046,91.65
2025-08-28,8046,90.81
2025-08-29,8046,90.51
2025-09-01,8046,90.4
2025-09-02,8046,90.22
2025-09-03,8046,90.71
2025-09-04,8046,91.75
2025-09-05,8046,92.03
2025-09-08,8046,91.97
2025-09-09,8046,91.89
2025-09-10,8046,91.92
2025-09-11,8046,92.08
2025-09-12,8046,91.75
2025-09-15,8046,91.67
2025-09-16,8046,91.88
2025-09-17,8046,92.28
2025-09-18,8046,92.1
2025-09-19,8046,91.58
2025-09-22,8046,90.53
2025-09-23,8046,89.45
2025-06-25,8105,59.0
2025-06-26,8105,58.96
2025-06-27,8105,59.0
2025-06-30,8105,59.04
2025-07-01,8105,59.01
2025-07-02,8105,59.02
2025-07-03,8105,58.98
2025-07-04,8105,59.04
2025-07-07,8105,59.1
2025-07-08,8105,59.18
2025-07-09,8105,59.22
2025-07-10,8105,59.29
2025-07-11,8105,59.22
2025-07-14,8105,59.24
2025-07-15,8105,59.52
2025-07-16,8105,59.67
2025-07-17,8105,59.74
2025-07-18,8105,60.19
2025-07-21,8105,60.22
2025-07-22,8105,60.21
2025-07-23,8105,60.09
2025-07-24,8105,60.09
2025-07-25,8105,60.1
2025-07-28,8105,60.04
2025-07-29,8105,60.06
2025-07-30,8105,60.07
2025-07-31,8105,60.12
2025-08-01,8105,60.1
2025-08-04,8105,60.03
2025-08-05,8105,59.81
2025-08-06,8105,59.83
2025-08-07,8105,60.27
2025-08-08,8105,60.26
2025-08-11,8105,60.45
2025-08-12,8105,60.47
2025-08-13,8105,60.5
2025-08-14,8105,60.46
2025-08-15,8105,60.37
2025-08-18,8105,60.19
2025-08-19,8105,60.2
2025-08-20,8105,60.28
2025-08-21,8105,60.09
2025-08-22,8105,60.1
2025-08-25,8105,60.06
2025-08-26,8105,60.15
2025-08-27,8105,60.03
2025-08-28,8105,59.99
2025-08-29,8105,60.06
2025-09-01,8105,60.22
2025-09-02,8105,60.32
2025-09-03,8105,60.28
2025-09-04,8105,60.19
2025-09-05,8105,60.25
2025-09-08,8105,60.19
2025-09-09,8105,60.4
2025-09-10,8105,60.36
2025-09-11,8105,60.46
2025-09-12,8105,60.44
2025-09-15,8105,60.45
2025-09-16,8105,60.42
2025-09-17,8105,60.34
2025-09-18,8105,60.19
2025-09-19,8105,60.22
2025-09-22,8105,60.19
2025-09-23,8105,59.89
2025-06-25,9955,99.43
2025-06-26,9955,99.44
2025-06-27,9955,99.39
2025-06-30,9955,99.41
2025-07-01,9955,99.43
2025-07-02,9955,99.34
2025-07-03,9955,99.22
2025-07-04,9955,99.32
2025-07-07,9955,99.26
2025-07-08,9955,99.26
2025-07-09,9955,99.27
2025-07-10,9955,99.26
2025-07-11,9955,99.1
2025-07-14,9955,99.08
2025-07-15,9955,99.12
2025-07-16,9955,99.13
2025-07-17,9955,99.05
2025-07-18,9955,99.05
2025-07-21,9955,98.98
2025-07-22,9955,98.91
2025-07-23,9955,98.67
2025-07-24,9955,98.79
2025-07-25,9955,98.84
2025-07-28,9955,98.83
2025-07-29,9955,98.88
2025-07-30,9955,98.77
2025-07-31,9955,98.83
2025-08-01,9955,98.8
2025-08-04,9955,98.61
2025-08-05,9955,98.46
2025-08-06,9955,98.45
2025-08-07,9955,98.33
2025-08-08,9955,98.07
2025-08-11,9955,98.4
2025-08-12,9955,98.68
2025-08-13,9955,98.89
2025-08-14,9955,98.85
2025-08-15,9955,98.86
2025-08-18,9955,99.03
2025-08-19,9955,99.0
2025-08-20,9955,99.0
2025-08-21,9955,98.93
2025-08-22,9955,98.92
2025-08-25,9955,98.84
2025-08-26,9955,98.74
2025-08-27,9955,98.42
2025-08-28,9955,98.16
2025-08-29,9955,98.36
2025-09-01,9955,98.33
2025-09-02,9955,98.3
2025-09-03,9955,98.63
2025-09-04,9955,98.39
2025-09-05,9955,98.1
2025-09-08,9955,98.38
2025-09-09,9955,98.26
2025-09-10,9955,98.18
2025-09-11,9955,98.28
2025-09-12,9955,98.12
2025-09-15,9955,98.08
2025-09-16,9955,98.04
2025-09-17,9955,97.99
2025-09-18,9955,98.07
2025-09-19,9955,98.06
2025-09-22,9955,97.64
2025-09-23,9955,97.45
