date,stock_id,Trading_Volume,Trading_money,open,max,min,close,spread,Trading_turnover,ret_1d,ret_5d,ret_20d,sma20,sma20_gap_pct,sma60,sma60_gap_pct,sma120,sma120_gap_pct,rsi14,rolling_vol_20d,vol_mult_20d,net_Foreign_Dealer_Self_5d,net_Foreign_Investor_5d,net_Foreign_Dealer_Self_20d,net_Foreign_Investor_20d,chip_net5_sum,chip_net20_sum,foreign_ratio,foreign_ratio_5d_chg,foreign_ratio_20d_chg,margin_delta_row_sum,margin_delta_5d_sum,margin_delta_20d_sum,revenue_yoy,revenue_mom,pe,pb,dividend_yield,stock_name,industry_category,rolling_vol_20d_w,score_tech_ret_20d,score_tech_sma20_gap_pct,score_tech_sma60_gap_pct,score_tech_sma120_gap_pct,score_tech_rsi14,score_tech_vol_mult_20d,score_chip_chip_net5_sum,score_chip_chip_net20_sum,score_chip_foreign_ratio_5d_chg,score_chip_foreign_ratio_20d_chg,score_chip_margin_delta_5d_sum,score_chip_margin_delta_20d_sum,score_fund_revenue_yoy,score_fund_revenue_mom,score_fund_pe,score_fund_pb,score_risk_rolling_vol_20d_w,score_tech,score_chip,score_fund,score_risk,score_total
2025-09-24,1313,3384498,34547081,10.55,10.6,10.05,10.1,-0.45,1309,-0.042654028436019,0.0509885535900105,-0.0241545893719806,9.9575,1.431082098920422,9.757833333333334,3.5065844535159707,8.965,12.660345789180138,54.25101214574896,0.02190594112865824,1.5324076565370968,0.0,2537500.0,0.0,1732617.0,2537500.0,1732617.0,92.33,-0.1700000000000017,-0.12999999999999545,41,-1.0,-908.0,-0.1229899075583553,-0.0362374233122857,0.0,0.55,1.49,聯成,塑膠工業,0.02190594112865824,2.0,8.0,14.000000000000002,42.0,18.0,64.0,74.0,62.0,50.0,62.0,38.0,16.0,14.000000000000002,36.0,82.0,96.0,58.0,24.666666666666668,50.333333333333336,57.0,58.0,45.39999999999999
2025-09-24,1316,5076673,74287779,14.85,14.9,14.5,14.6,-0.25,1815,-0.0168350168350168,0.0138888888888888,0.1274131274131273,14.035,4.0256501603134875,13.604999999999999,7.313487688349873,14.226666666666667,2.6241799437675795,44.61538461538461,0.02936657414406933,0.4779483249882499,,1478000.0,,12633765.0,1478000.0,12633765.0,95.21,-0.13000000000000966,-2.1500000000000057,91,-664.0,-1284.0,3.245262632978723,0.0386856691339663,0.0,1.27,0.0,上曜,建材營造,0.02936657414406933,62.0,30.0,36.0,6.0,2.0,2.0,64.0,76.0,56.00000000000001,20.0,12.0,8.0,100.0,66.0,82.0,70.0,42.00000000000001,23.0,39.333333333333336,79.5,42.00000000000001,46.75
2025-09-24,1414,663658,12520834,18.9,19.1,18.75,18.95,0.05,327,0.0026455026455027,0.03551912568306,0.1114369501466274,17.8925,5.910297610730764,17.842499999999998,6.207089813647193,18.210833333333333,4.058939276071927,82.3529411764707,0.012437702444027416,1.2114557629112994,,81000.0,,913500.0,81000.0,913500.0,98.32,-0.04000000000000625,-0.4200000000000017,-40,-20.0,-489.0,-0.1504256612952265,-0.0485770223874244,157.92,1.35,1.21,東和,紡織纖維,0.012437702444027416,50.0,42.0,32.0,14.000000000000002,90.0,56.00000000000001,36.0,48.0,63.0,46.0,34.0,22.0,12.0,30.0,2.0,65.0,88.0,47.333333333333336,41.5,27.25,88.0,43.625
2025-09-24,1419,373700,20886481,55.9,56.4,55.3,56.0,0.2,478,0.0035842293906811,0.0144927536231882,0.0526315789473683,54.019999999999996,3.6653091447611974,54.99333333333333,1.8305249121105538,54.544999999999995,2.667522229351915,51.5463917525773,0.01848283539007855,0.910699204728325,,-119000.0,,576504.0,-119000.0,576504.0,99.01,-0.01999999999999602,-0.2599999999999909,13,70.0,221.0,0.0100340549744588,0.4667838077343558,16.92,1.11,2.68,新紡,紡織纖維,0.01848283539007855,22.0,26.0,6.0,8.0,12.0,30.0,22.0,46.0,66.0,60.0,52.0,54.0,40.0,100.0,48.0,77.0,70.0,17.333333333333332,50.0,66.25,70.0,47.075
2025-09-24,1504,331020174,32966658731,95.6,103.0,94.2,101.5,7.5,145825,0.0797872340425531,0.1680092059838893,0.4397163120567375,80.035,26.819516461548076,61.2225,65.78872146678101,55.875,81.65548098434003,79.2929292929293,0.04929942604049191,4.353756245517561,0.0,35962242.0,0.0,101279006.0,35962242.0,101279006.0,84.37,-1.5799999999999983,-4.739999999999995,-1428,2720.0,9582.0,0.0392984669680271,-0.047067275429503,38.45,3.1,2.17,東元,電機機械,0.04929942604049191,94.0,90.0,96.0,96.0,78.0,92.0,96.0,94.0,10.0,4.0,88.0,94.0,48.0,32.0,24.0,16.0,8.0,91.0,64.33333333333333,30.0,8.0,56.39999999999999
2025-09-24,1560,13173925,4621933032,342.5,357.5,340.0,347.0,8.0,14772,0.0235988200589971,0.0726429675425037,0.0175953079178885,335.375,3.466269101751762,332.0083333333333,4.515448909414932,297.1458333333333,16.77767650564399,57.36434108527132,0.01794592849342723,3.00257900988402,0.0,571219.0,0.0,1764622.0,571219.0,1764622.0,79.94,-0.9000000000000057,-1.4200000000000017,160,271.0,296.0,0.1763054339278922,-0.0152519695046287,47.21,7.14,1.15,中砂,電機機械,0.01794592849342723,12.0,24.0,24.0,54.0,22.0,80.0,56.00000000000001,64.0,20.0,24.0,68.0,60.0,68.0,46.0,16.0,4.0,74.0,36.0,48.666666666666664,33.5,74.0,42.849999999999994
2025-09-24,1603,521015,20931630,39.9,40.6,39.55,39.85,-0.05,572,-0.0012531328320801,0.0063131313131312,-0.0160493827160493,39.18,1.7100561510974943,39.19916666666667,1.6603244116583982,37.68083333333333,5.756684432846071,53.22580645161289,0.019813607267949177,0.7723870535053133,,321946.0,,1166638.0,321946.0,1166638.0,95.37,-0.1700000000000017,-0.6700000000000017,42,22.0,229.0,0.1680667693657742,-0.2586590997788474,11.42,0.9,3.76,華電,電器電纜,0.019813607267949177,4.0,10.0,4.0,16.0,14.000000000000002,20.0,44.0,56.00000000000001,50.0,38.0,50.0,56.00000000000001,66.0,6.0,62.0,86.0,66.0,11.333333333333334,49.0,55.0,66.0,41.199999999999996
2025-09-24,1605,18740481,446978945,24.05,24.3,23.65,23.85,-0.2,6978,-0.0083160083160083,0.0529801324503311,0.0280172413793104,22.892500000000002,4.182592552145903,21.945833333333333,8.676666033795332,21.484166666666667,11.011985570769166,49.61240310077522,0.0313405500210064,0.604741538269159,,10311262.0,,-31284043.0,10311262.0,-31284043.0,87.23,0.0,0.9399999999999977,266,1127.0,5575.0,-0.1140005506607929,-0.1208296254658638,125.53,0.79,2.1,華新,電器電纜,0.0313405500210064,14.000000000000002,32.0,42.0,38.0,6.0,12.0,80.0,2.0,68.0,94.0,78.0,86.0,18.0,14.000000000000002,4.0,91.0,34.0,24.0,68.0,31.75,34.0,40.525
2025-09-24,1721,440573,5715972,13.05,13.1,12.85,13.0,-0.05,266,-0.0038314176245211,0.0358565737051792,0.0038610038610038,12.872499999999999,0.9904835890464314,12.523333333333333,3.806228373702414,12.157083333333333,6.933543544572784,58.46153846153847,0.022196547292599313,0.5382733549173081,,450000.0,,1043480.0,450000.0,1043480.0,96.59,0.14000000000000057,0.5100000000000051,-22,-43.0,-833.0,-0.3306584251545283,-0.2957904975175018,0.0,1.35,0.0,三晃,化學工業,0.022196547292599313,10.0,4.0,18.0,24.0,24.0,10.0,50.0,52.0,84.0,88.0,30.0,18.0,2.0,2.0,82.0,65.0,56.0,15.0,53.666666666666664,37.75,56.0,37.525
2025-09-24,2023,1574952,24592214,15.45,15.75,15.45,15.65,0.2,874,0.0129449838187702,0.0296052631578949,0.0364238410596027,15.205000000000002,2.9266688589279832,15.191666666666666,3.017004936917167,15.287083333333332,2.3740085584235127,80.00000000000014,0.0045662248835220175,1.5589429806898487,,1876086.0,,4467805.0,1876086.0,4467805.0,94.01,0.09000000000000341,-0.04999999999999716,-53,-65.0,-654.0,0.0747953340402969,0.0811370737869119,0.0,0.86,0.0,燁輝,鋼鐵工業,0.00613142918186631,20.0,18.0,12.0,4.0,80.0,66.0,70.0,70.0,79.0,68.0,26.0,20.0,56.00000000000001,80.0,82.0,88.0,98.0,33.333333333333336,55.5,76.5,98.0,59.39999999999999
2025-09-24,2033,339978,6672645,19.1,20.65,19.0,19.5,0.1,291,0.0051546391752577,0.1111111111111111,0.1963190184049079,17.802500000000002,9.535177643589376,16.429166666666667,18.69135176261729,17.114583333333332,13.937918441874618,65.47619047619048,0.03045006184873055,3.1247504058991753,,-2000.0,,-94200.0,-2000.0,-94200.0,99.41,0.009999999999990905,0.14000000000000057,48,173.0,347.0,-0.0434605099312062,-0.2629376789253468,72.22,1.51,1.03,佳大,鋼鐵工業,0.03045006184873055,78.0,62.0,68.0,48.0,30.0,82.0,30.0,30.0,70.0,80.0,60.0,64.0,28.000000000000004,4.0,14.0,58.0,36.0,61.333333333333336,55.666666666666664,26.0,36.0,46.49999999999999
2025-09-24,2239,110302,4005498,35.9,37.0,35.65,35.95,0.05,108,0.0013927576601673,0.0893939393939395,0.2885304659498209,32.822500000000005,9.52852464010967,30.87166666666667,16.449819143767197,30.518333333333334,17.798044891049102,73.09644670050761,0.027735179949854465,0.5267658334318315,,-25000.0,,42750.0,-25000.0,42750.0,26.23,0.129999999999999,0.07000000000000028,-17,193.0,792.0,-0.0243197056213154,-0.1170319732540755,0.0,0.41,0.0,英利-KY,汽車工業,0.027735179949854465,82.0,60.0,62.0,60.0,54.0,8.0,26.0,36.0,82.0,72.0,62.0,68.0,30.0,16.0,82.0,98.0,43.99999999999999,54.333333333333336,57.666666666666664,56.5,43.99999999999999,54.949999999999996
2025-09-24,2241,601410,17172741,28.3,29.15,27.95,29.0,0.7,494,0.0247349823321554,0.0861423220973782,0.1153846153846154,26.389999999999997,9.8901098901099,25.509166666666665,13.684623174675782,24.999166666666667,16.00386679555985,67.97752808988764,0.025681817202877145,1.1038902398195627,,15280.0,,213030.0,15280.0,213030.0,91.08,-0.04000000000000625,-0.12000000000000455,-138,558.0,95.0,-0.0598770042428769,0.0498473878478138,0.0,2.23,0.0,艾姆勒,汽車工業,0.025681817202877145,56.00000000000001,64.0,56.00000000000001,52.0,36.0,48.0,34.0,42.0,63.0,64.0,76.0,46.0,26.0,68.0,82.0,32.0,48.0,52.0,54.166666666666664,52.0,48.0,52.25
2025-09-24,2301,48127570,8549562254,184.0,186.5,174.0,175.0,-8.0,35079,-0.0437158469945355,0.0971786833855798,0.3358778625954197,150.7,16.12475116124752,132.65833333333333,31.917834034801174,116.25916666666666,50.52576499344139,76.19047619047619,0.04176699001454056,1.1255912087453999,0.0,-4820500.0,0.0,-22658206.0,-4820500.0,-22658206.0,70.17,0.04000000000000625,-0.3400000000000034,-244,-1825.0,4868.0,0.2982458221663799,0.1330150364540503,30.43,4.94,2.58,光寶科,電子工業,0.04176699001454056,88.88888888888889,77.77777777777779,77.77777777777779,77.77777777777779,88.88888888888889,44.44444444444444,11.11111111111111,11.11111111111111,77.77777777777779,66.66666666666666,11.11111111111111,88.88888888888889,88.88888888888889,100.0,22.222222222222214,0.0,33.33333333333334,75.92592592592592,44.444444444444436,52.77777777777777,33.33333333333334,55.27777777777777
2025-09-24,2317,66406960,14704333060,222.0,223.0,219.0,223.0,2.0,57218,0.009049773755656,0.0518867924528301,0.0721153846153845,210.025,6.177835971908108,188.075,18.569719526784546,168.67916666666667,32.2036410345083,77.77777777777777,0.0134274006626287,1.0685222515733526,0.0,,0.0,156545818.0,0.0,156545818.0,61.01,-0.8300000000000054,-2.6000000000000014,3200,5339.0,2561.0,0.1061445678054273,-0.0119771135003108,17.01,2.12,2.6,鴻海,其他電子業,0.0134274006626287,32.0,46.0,66.0,74.0,72.0,46.0,32.0,98.0,22.0,8.0,94.0,78.0,60.0,50.0,46.0,38.0,84.0,56.0,55.333333333333336,48.5,84.0,56.35
2025-09-24,2331,7181765,154396288,21.8,22.25,21.1,21.4,-0.1,3266,-0.0046511627906977,0.0699999999999998,0.0918367346938773,19.947499999999998,7.281614237373102,18.87666666666667,13.367473070810497,18.06583333333333,18.455648323262164,70.5882352941176,0.030370953795465488,1.8499056161798832,,1073710.0,,-1087901.0,1073710.0,-1087901.0,91.88,-0.20000000000000284,0.10999999999999943,-1,-169.0,891.0,0.2295615750615047,0.0669053324994137,33.44,1.11,0.98,精英,電子工業,0.030370953795465488,44.44444444444444,33.33333333333333,44.44444444444444,44.44444444444444,44.44444444444444,77.77777777777779,44.44444444444444,55.55555555555556,66.66666666666666,77.77777777777779,55.55555555555556,66.66666666666666,66.66666666666666,77.77777777777779,11.111111111111114,77.77777777777777,55.55555555555556,48.148148148148145,61.11111111111111,58.333333333333336,55.55555555555556,55.83333333333333
2025-09-24,2344,399525349,14014459828,36.0,36.05,34.3,35.2,-1.25,131678,-0.0342935528120713,0.197278911564626,0.7777777777777779,26.155,34.58229783980118,20.757499999999997,69.57726123088044,19.07375,84.54682482469364,92.48554913294798,0.037781205814744256,1.3063912932753536,0.0,57964384.0,0.0,214288998.0,57964384.0,214288998.0,81.24,-1.980000000000004,-6.469999999999999,-16531,10573.0,84201.0,0.0021411795136723,0.0255554978695586,0.0,1.81,0.0,華邦電,半導體業,0.037781205814744256,100.0,100.0,100.0,100.0,100.0,50.0,100.0,100.0,25.0,12.5,87.5,100.0,50.0,75.0,68.75,62.5,50.0,91.66666666666667,70.83333333333333,64.0625,50.0,72.96875
2025-09-24,2356,13887181,619285120,45.2,45.2,44.1,44.65,-0.35,10552,-0.0077777777777777,0.0444444444444445,0.0785024154589371,42.519999999999996,5.009407337723437,42.655833333333334,4.6750151405630325,41.932916666666664,6.479595385486747,74.8148148148148,0.013445472168545787,0.9132708877568834,0.0,21375755.0,0.0,44664266.0,21375755.0,44664266.0,86.16,-0.46999999999999886,-1.0200000000000102,266,-1107.0,-3573.0,0.1782919023070581,0.1264912245820704,19.41,2.49,3.81,英業達,電子工業,0.013445472168545787,33.33333333333333,22.22222222222222,22.22222222222222,11.11111111111111,77.77777777777779,22.22222222222222,88.88888888888889,88.88888888888889,55.55555555555556,55.55555555555556,33.33333333333333,22.22222222222222,33.33333333333333,88.88888888888889,44.44444444444444,33.33333333333334,88.88888888888889,31.481481481481485,57.4074074074074,50.0,88.88888888888889,50.55555555555556
2025-09-24,2375,21082235,1625766350,74.0,80.3,73.4,80.3,7.3,15107,0.0999999999999998,0.2166666666666665,0.3361064891846921,62.85999999999999,27.744193445752472,59.35666666666667,35.28387712697252,57.954166666666666,38.55776835142712,83.13609467455623,0.04358798520595612,3.7713231583279057,,-2571334.0,,-2585184.0,-2571334.0,-2585184.0,94.04,1.2000000000000028,1.0500000000000114,1186,2328.0,2829.0,0.04847760034775,0.0552651215677217,23.28,0.97,1.87,凱美,電子工業,0.04358798520595612,100.0,100.0,88.88888888888889,66.66666666666666,100.0,88.88888888888889,22.22222222222222,33.33333333333333,88.88888888888889,88.88888888888889,100.0,77.77777777777779,22.22222222222222,55.55555555555556,33.33333333333334,88.88888888888889,22.222222222222214,90.74074074074075,68.51851851851852,50.0,22.222222222222214,65.0
2025-09-24,2431,14062805,203929695,14.25,15.05,13.8,14.25,-0.25,6597,-0.0172413793103448,0.0919540229885056,0.168032786885246,12.844999999999999,10.938108213312582,11.8625,20.12644889357218,11.691249999999998,21.88602587405113,68.85245901639345,0.03958230562183462,4.0363111158156935,,-2102000.0,,-2977250.0,-2102000.0,-2977250.0,97.62,1.5500000000000114,1.4200000000000017,-509,-628.0,-156.0,-0.0847888218482058,-0.1136398585268337,0.0,1.28,0.0,聯昌,電子工業,0.03958230562183462,66.66666666666666,66.66666666666666,55.55555555555556,55.55555555555556,33.33333333333333,100.0,33.33333333333333,22.22222222222222,100.0,100.0,44.44444444444444,44.44444444444444,11.11111111111111,11.11111111111111,88.88888888888889,66.66666666666667,44.44444444444444,62.962962962962955,57.40740740740741,44.44444444444444,44.44444444444444,53.888888888888886
2025-09-24,2492,38102110,3895933937,99.9,109.5,95.9,109.5,9.6,22890,0.0960960960960959,0.2943262411347518,0.3419117647058824,86.0,27.32558139534884,83.79,30.683852488363762,81.84333333333332,33.792204618580236,81.70212765957447,0.04122590164392135,6.142507685306514,0.0,-1300568.0,0.0,-1085429.0,-1300568.0,-1085429.0,89.32,0.3399999999999892,0.20999999999999375,1926,3883.0,4444.0,0.0203712263497766,0.0026850551097499,30.59,1.21,2.19,華新科,電子零組件業,0.04122590164392135,92.0,92.0,80.0,78.0,86.0,98.0,18.0,22.0,90.0,84.0,92.0,82.0,44.0,52.0,28.0,72.0,16.0,87.66666666666667,64.66666666666667,49.0,16.0,62.00000000000001
2025-09-24,2753,296770,60566195,205.5,205.5,202.5,205.0,0.0,1053,0.0,0.0224438902743142,0.0677083333333332,200.55,2.2188980304163497,193.86666666666667,5.74277854195322,188.95833333333334,8.489525909592066,54.385964912280706,0.016070311498288452,0.6627832900533932,,132984.0,,1109311.0,132984.0,1109311.0,85.68,-0.19999999999998863,-1.289999999999992,78,86.0,218.0,0.0867276699050207,0.0277735563870553,19.71,3.96,3.9,八方雲集,觀光餐旅,0.016070311498288452,30.0,14.000000000000002,28.000000000000004,32.0,20.0,14.000000000000002,40.0,54.0,44.0,26.0,54.0,52.0,57.99999999999999,64.0,36.0,10.0,78.0,23.0,45.0,42.0,78.0,40.8
2025-09-24,2812,5743458,132794897,23.2,23.25,23.0,23.15,0.0,6027,0.0,0.0451467268623024,0.0792540792540792,22.04,5.036297640653364,22.192500000000003,4.31452067139797,21.249583333333337,8.943312613972786,75.43859649122808,0.010505050004451401,1.0554137816878775,0.0,13420755.0,0.0,22045244.0,13420755.0,22045244.0,89.32,-0.21000000000000796,-0.37000000000000455,-52,-33.0,-89.0,0.1652990293476759,0.0772628646581909,15.54,1.51,4.84,台中銀,金融保險,0.010505050004451401,38.0,38.0,22.0,34.0,62.0,44.0,84.0,82.0,40.0,50.0,32.0,32.0,64.0,78.0,54.0,58.0,90.0,39.666666666666664,53.333333333333336,63.5,90.0,55.95
2025-09-24,2832,787308,28818222,36.15,36.9,36.15,36.75,0.55,726,0.0151933701657458,0.0530085959885386,0.1019490254872563,34.2775,7.213186492597168,32.42916666666667,13.323911088269313,32.95875,11.503015132552052,89.77272727272722,0.008872618168472735,0.9716713113597317,,717000.0,,1991997.0,717000.0,1991997.0,95.35,-0.1700000000000017,-0.5100000000000051,34,21.0,20.0,0.146302214755956,-0.0191515580841062,12.89,1.1,5.44,台產,金融保險,0.008872618168472735,48.0,48.0,50.0,40.0,96.0,42.0,57.99999999999999,66.0,50.0,44.0,48.0,40.0,62.0,44.0,58.0,80.0,94.0,54.0,51.0,61.0,94.0,59.199999999999996
2025-09-24,2855,2740416,63536783,23.05,23.4,23.05,23.1,0.1,1534,0.0043478260869564,0.0358744394618835,0.1213592233009708,21.97,5.143377332726451,20.568333333333335,12.308564946114565,21.580416666666665,7.041492093526158,81.53846153846159,0.010320132657963759,0.9444123819928656,0.0,2379732.0,0.0,9582871.0,2379732.0,9582871.0,90.81,-0.14000000000000057,-0.5699999999999932,-45,-47.0,-963.0,0.9762191703417252,0.2678229051908956,18.48,0.99,9.09,統一證,金融保險,0.010320132657963759,57.99999999999999,40.0,48.0,26.0,84.0,36.0,72.0,72.0,54.0,42.0,28.000000000000004,14.000000000000002,98.0,98.0,40.0,82.0,92.0,48.666666666666664,47.0,79.5,92.0,61.75
2025-09-24,2885,19042445,668408781,35.0,35.4,34.95,35.05,-0.05,8561,-0.0014245014245015,0.021865889212828,0.0834621329211744,33.9375,3.2780847145488012,32.748333333333335,7.028347498600418,32.380833333333335,8.243045011194884,79.10447761194034,0.007760519369938941,1.1774378633854334,0.0,-4959408.0,0.0,38526118.0,-4959408.0,38526118.0,74.88,0.06999999999999318,-0.39000000000000057,-71,-456.0,-454.0,0.4091366257364792,0.0949505256473746,13.18,1.47,5.28,元大金,金融保險,0.007760519369938941,44.0,22.0,34.0,28.000000000000004,74.0,54.0,2.0,86.0,76.0,48.0,16.0,24.0,90.0,84.0,56.0,62.0,96.0,42.666666666666664,42.0,73.0,96.0,56.9
2025-09-24,3006,20941593,1570922924,77.2,78.4,73.5,74.2,-6.8,14841,-0.0839506172839505,0.1074626865671641,0.2949389179755672,64.525,14.994188299108856,56.33833333333334,31.704286601780908,54.75791666666667,35.50552051073286,71.17346938775512,0.04430456426575767,1.5265010881816397,,-2352463.0,,-5390225.0,-2352463.0,-5390225.0,87.75,0.6800000000000068,0.6500000000000057,-849,317.0,2312.0,-0.0226552370289568,-0.0235356227191589,0.0,2.18,1.35,晶豪科,半導體業,0.04430456426575767,50.0,50.0,50.0,50.0,12.5,62.5,12.5,12.5,87.5,100.0,62.5,62.5,37.5,50.0,68.75,37.5,12.5,45.833333333333336,56.25,48.4375,12.5,46.40625
2025-09-24,3026,4333408,421702489,96.9,99.3,95.1,97.3,0.3,8219,0.0030927835051546,0.0994350282485876,0.1514792899408283,88.02,10.543058395819127,82.69166666666666,17.666028418824965,82.67,17.696867061812014,79.2452830188679,0.021371144965129103,2.714886224837824,0.0,-1511012.0,0.0,-481090.0,-1511012.0,-481090.0,88.3,0.23000000000000398,-0.3400000000000034,144,1992.0,2118.0,-0.014041963502937,-0.0131822116385497,15.59,1.71,5.65,禾伸堂,電子零組件業,0.021371144965129103,68.0,68.0,64.0,57.99999999999999,76.0,78.0,14.000000000000002,28.000000000000004,88.0,53.0,82.0,74.0,34.0,48.0,52.0,52.0,62.0,68.66666666666667,56.5,46.5,62.0,57.7
2025-09-24,3036,5613056,779433142,138.0,140.5,136.5,138.5,1.0,4583,0.0072727272727273,0.0905511811023622,0.1260162601626016,128.55,7.740178918708662,127.675,8.478558840806748,122.57166666666667,12.9951185021008,66.66666666666666,0.022421524308209605,1.3840136503364466,0.0,8566809.0,0.0,17161053.0,8566809.0,17161053.0,85.93,-0.9599999999999937,-1.6199999999999903,71,121.0,-40.0,0.2274490338922037,0.065877350189109,15.96,2.19,4.33,文曄,電子工業,0.022421524308209605,55.55555555555556,44.44444444444444,33.33333333333333,33.33333333333333,11.11111111111111,66.66666666666666,55.55555555555556,77.77777777777779,44.44444444444444,33.33333333333333,66.66666666666666,55.55555555555556,44.44444444444444,66.66666666666666,77.77777777777777,44.44444444444444,66.66666666666667,40.74074074074073,55.55555555555554,58.33333333333333,66.66666666666667,53.05555555555554
2025-09-24,3037,22247841,3484307091,159.5,160.0,154.5,157.0,-2.0,16812,-0.0125786163522012,0.064406779661017,0.0328947368421053,143.95,9.065647794373044,136.76666666666668,14.794053131854735,117.53166666666667,33.58102071782072,77.64705882352942,0.032334363629617974,0.6735076058928334,,26058913.0,0.0,46860309.0,26058913.0,46860309.0,66.21,-1.190000000000012,-2.5800000000000125,-509,121.0,-3618.0,0.0492646715748616,0.0039899309320783,119.85,2.73,0.96,欣興,電子零組件業,0.032334363629617974,18.0,57.99999999999999,57.99999999999999,76.0,70.0,16.0,94.0,90.0,14.000000000000002,10.0,56.99999999999999,4.0,52.0,56.00000000000001,6.0,24.0,32.0,49.333333333333336,44.833333333333336,34.5,32.0,41.800000000000004
2025-09-24,3138,1311013,139973908,107.0,109.0,103.0,107.0,0.0,1675,0.0,0.1605206073752711,0.1145833333333332,93.80499999999999,14.066414370236146,91.94166666666666,16.37813831233572,88.805,20.488711221215006,81.70212765957451,0.02959043462059737,5.231526678825556,,93900.0,,196626.0,93900.0,196626.0,97.65,-0.23999999999999488,-0.29999999999999716,134,382.0,308.0,0.0159638893117393,0.0042787326053816,101.9,2.75,2.39,耀登,通信網路業,0.02959043462059737,54.0,74.0,60.0,66.0,88.0,94.0,38.0,40.0,38.0,56.99999999999999,72.0,62.0,42.0,57.99999999999999,12.0,22.0,40.0,72.66666666666667,51.166666666666664,33.5,40.0,51.199999999999996
2025-09-24,3149,8768868,377446202,44.3,44.3,42.0,42.7,-1.6,12415,-0.0361173814898418,0.0976863753213368,0.082382762991128,39.49999999999999,8.101265822784832,34.385,24.182056129126096,33.40291666666666,27.833148302917678,62.580645161290334,0.037328936228165015,0.9679122597563719,,1172000.0,,-716132.0,1172000.0,-716132.0,95.11,-0.45999999999999375,0.060000000000002274,-352,2693.0,7406.0,-0.2133314637436599,-0.0560844719055492,0.0,3.4,0.0,正達,光電業,0.037328936228165015,40.0,54.0,78.0,72.0,28.000000000000004,40.0,62.0,24.0,32.0,70.0,86.0,92.0,6.0,24.0,82.0,12.0,26.0,52.0,61.0,31.0,26.0,45.8
2025-09-24,3231,29210330,3543171251,123.5,124.0,120.0,121.5,-1.0,24789,-0.0081632653061224,0.0210084033613444,0.0565217391304346,116.925,3.912764592687612,118.08333333333333,2.8934368383909614,113.74,6.822577809038166,72.97297297297297,0.01533110286771863,0.9439895920457717,0.0,22252233.0,0.0,64852953.0,22252233.0,64852953.0,69.6,-1.0100000000000051,-2.410000000000011,-2962,243.0,-13246.0,0.922081785911341,-0.0995335952477285,17.89,2.55,3.13,緯創,電子工業,0.01533110286771863,11.11111111111111,11.11111111111111,11.11111111111111,22.22222222222222,66.66666666666666,33.33333333333333,100.0,100.0,33.33333333333333,22.22222222222222,77.77777777777779,11.11111111111111,100.0,22.22222222222222,55.55555555555556,22.222222222222214,77.77777777777777,25.925925925925924,57.4074074074074,50.0,77.77777777777777,47.77777777777777
2025-09-24,3380,24101334,809495699,34.4,34.6,32.5,33.3,1.1,12240,0.0341614906832297,0.2065217391304346,0.1522491349480967,28.655,16.21008549991274,27.896666666666665,19.369100250926042,27.63583333333333,20.495733196634802,76.33136094674558,0.032557157589423215,7.809469598356421,0.0,-1326320.0,0.0,-5005593.0,-1326320.0,-5005593.0,92.88,0.19999999999998863,0.7299999999999898,252,254.0,640.0,0.1870819171682054,0.0033527601041758,0.0,2.08,3.0,明泰,通信網路業,0.032557157589423215,70.0,82.0,72.0,68.0,68.0,100.0,16.0,10.0,86.0,92.0,66.0,66.0,72.0,54.0,82.0,42.00000000000001,30.0,76.66666666666667,56.0,62.5,30.0,61.55
2025-09-24,3419,2108573,30749565,14.75,15.0,14.15,14.7,0.35,1004,0.024390243902439,0.1439688715953306,0.1484374999999997,13.092500000000001,12.278021768187886,12.948333333333332,13.528124597760339,13.442083333333334,9.358048417593977,81.53846153846155,0.025524017830385607,5.802980429757953,,-21000.0,,29750.0,-21000.0,29750.0,98.56,0.01999999999999602,0.10000000000000853,-99,-280.0,-301.0,0.5222683748879109,-0.0820197901645864,0.0,1.76,0.0,譁裕,通信網路業,0.025524017830385607,66.0,72.0,54.0,36.0,82.0,96.0,28.000000000000004,34.0,72.0,75.0,18.0,26.0,92.0,22.0,82.0,48.0,50.0,67.66666666666667,42.166666666666664,61.0,50.0,56.25
2025-09-24,3450,40517852,11072888567,278.5,281.5,264.0,278.5,0.5,33056,0.0017985611510791,0.2601809954751131,0.332535885167464,216.675,28.533517941617625,205.025,35.83709303743446,202.71666666666667,37.38386911123901,91.83673469387756,0.03443975487205507,2.0965586448540114,0.0,1701018.0,0.0,3177479.0,1701018.0,3177479.0,85.33,-3.200000000000003,-4.670000000000002,287,2773.0,6839.0,-0.0960730601932248,-0.0332344840473501,47.12,8.74,0.18,聯鈞,半導體業,0.03443975487205507,62.5,75.0,62.5,62.5,87.5,87.5,62.5,62.5,12.5,25.0,75.0,75.0,25.0,37.5,12.5,12.5,62.5,72.91666666666667,52.083333333333336,21.875,62.5,50.3125
2025-09-24,3686,1072665,20664040,19.8,19.8,18.85,19.1,-0.75,1028,-0.0377833753148614,0.1235294117647058,0.1826625386996905,16.7125,14.285714285714302,16.090833333333332,18.70112382826663,16.037916666666668,19.092774934400246,74.46808510638299,0.041060464486175556,1.87745738433491,,-65000.0,,-76150.0,-65000.0,-76150.0,98.67,0.09000000000000341,0.10000000000000853,0,0.0,0.0,0.6708015267175573,-0.1236236236236236,0.0,2.1,0.0,達能,半導體業,0.041060464486175556,37.5,37.5,37.5,37.5,50.0,75.0,37.5,25.0,75.0,87.5,50.0,25.0,100.0,25.0,68.75,50.0,25.0,45.833333333333336,50.0,60.9375,25.0,49.53125
2025-09-24,3711,17175394,2955457491,175.0,175.5,171.0,172.0,-2.5,9313,-0.0143266475644698,0.0177514792899409,0.1428571428571428,164.175,4.766255520024365,154.225,11.525368779380774,147.0875,16.93719724653693,73.07692307692307,0.026665970422292337,0.8751206243947125,0.0,17547040.0,0.0,28049139.0,17547040.0,28049139.0,27.52,-0.46999999999999886,-1.1400000000000006,-311,-1241.0,1311.0,0.0668030033235933,0.0955258206442886,21.94,2.55,3.08,日月光投控,半導體業,0.026665970422292337,25.0,12.5,25.0,25.0,25.0,12.5,75.0,75.0,50.0,75.0,12.5,50.0,75.0,87.5,37.5,25.0,75.0,20.833333333333332,56.25,56.25,75.0,47.5
2025-09-24,4536,267297,51635201,193.0,194.0,192.5,192.5,1.0,1906,0.0052219321148825,0.0266666666666666,0.0294117647058822,188.225,2.2712179572320412,185.975,3.5085360935609655,185.20416666666668,3.9393462170127513,48.97959183673469,0.012946537175168985,0.8442601980385654,,336064.0,,541480.0,336064.0,541480.0,80.79,-0.36999999999999034,-0.5799999999999983,1,4.0,75.0,-0.0656200177404674,-0.0516549277127574,10.43,2.06,5.71,拓凱,運動休閒,0.012946537175168985,16.0,16.0,16.0,12.0,4.0,24.0,46.0,44.0,36.0,40.0,42.0,44.0,24.0,26.0,64.0,43.99999999999999,86.0,14.666666666666666,42.0,39.5,86.0,37.45
2025-09-24,4722,15143698,2588225191,165.0,180.0,162.0,170.0,4.0,11082,0.0240963855421687,0.3127413127413128,0.1888111888111887,139.925,21.4936573164195,99.80999999999999,70.32361486824969,80.33875000000002,111.60398935756403,69.6969696969697,0.05728546759701481,2.2169306700102425,,-3104800.0,,-5127020.0,-3104800.0,-5127020.0,95.37,2.700000000000003,4.719999999999999,1147,6149.0,6179.0,-0.167663947116026,-0.0498573247163017,114.86,5.88,0.82,國精化,化學工業,0.05481785528763631,76.0,88.0,100.0,100.0,42.0,76.0,6.0,8.0,100.0,100.0,96.0,88.0,10.0,28.000000000000004,8.0,6.0,0.0,80.33333333333333,66.33333333333333,13.0,0.0,47.9
2025-09-24,4755,101870,13306226,132.5,132.5,129.5,129.5,-2.5,245,-0.0189393939393939,0.048582995951417,0.0528455284552844,127.125,1.868239921337267,119.85,8.051731330830215,113.35,14.247904719894144,58.53658536585366,0.016329326020393647,0.5141597069789344,,217985.0,,85810.0,217985.0,85810.0,78.7,-0.18999999999999773,-0.06999999999999318,-10,16.0,-55.0,-0.1167235419739768,0.1108671394118281,38.77,2.79,2.7,三福化,化學工業,0.016329326020393647,24.0,12.0,38.0,50.0,26.0,6.0,42.0,38.0,46.0,66.0,44.0,34.0,16.0,88.0,22.0,18.0,76.0,26.0,45.0,36.0,76.0,39.7
2025-09-24,5469,14792582,1494598402,107.0,107.0,97.7,102.0,-2.0,39919,-0.0192307692307692,0.2639405204460965,0.2303980699638117,86.045,18.542623046080543,74.365,37.161298998184634,64.49249999999999,58.15792534015585,72.72727272727273,0.05027752468105583,0.840038279070067,0.0,12650757.0,0.0,-1457952.0,12650757.0,-1457952.0,78.67,-4.159999999999997,-1.2000000000000028,378,1887.0,13223.0,0.2917866248460177,-0.025269677874221,17.23,1.75,2.47,瀚宇博,電子工業,0.05027752468105583,77.77777777777779,88.88888888888889,100.0,100.0,55.55555555555556,11.11111111111111,66.66666666666666,44.44444444444444,11.11111111111111,44.44444444444444,88.88888888888889,100.0,77.77777777777779,33.33333333333333,66.66666666666667,55.55555555555556,11.111111111111114,72.22222222222221,59.25925925925926,58.33333333333333,11.111111111111114,58.05555555555556
2025-09-24,6116,14324167,114576499,8.06,8.16,7.82,8.14,0.1,3773,0.0124378109452738,0.0696452036793693,0.0824468085106384,7.5265,8.15119909652562,7.295166666666666,11.580726965342357,7.222083333333333,12.70985980499626,68.69158878504672,0.023750232293105356,1.7178509999298728,0.0,4581529.0,0.0,10213812.0,4581529.0,10213812.0,91.26,-0.09999999999999432,-0.29999999999999716,-1569,-1916.0,-1135.0,0.3837496920108412,-0.039277609241163,0.0,0.74,0.0,彩晶,光電業,0.023750232293105356,42.0,56.00000000000001,46.0,44.0,38.0,68.0,76.0,74.0,60.0,56.99999999999999,2.0,10.0,88.0,34.0,82.0,94.0,52.0,49.0,46.5,74.5,52.0,56.2
2025-09-24,6515,1211098,2471323060,2020.0,2095.0,2000.0,2030.0,15.0,2750,0.0074441687344912,0.1906158357771261,0.6240000000000001,1693.75,19.852398523985237,1320.6666666666667,53.710247349823305,1162.25,74.66121746612176,74.17582417582418,0.04934920171177476,0.8832872957390197,0.0,-555330.0,0.0,1180198.0,-555330.0,1180198.0,81.43,2.0900000000000034,-2.489999999999995,-45,-18.0,156.0,-0.1813762979792323,-0.1829150078171536,46.06,13.24,1.23,穎崴,半導體業,0.04934920171177476,87.5,62.5,87.5,87.5,37.5,25.0,25.0,37.5,100.0,37.5,37.5,37.5,12.5,12.5,25.0,0.0,0.0,64.58333333333333,45.833333333333336,12.5,0.0,36.875
2025-09-24,6719,452543,95801138,214.5,214.5,210.0,210.0,-4.0,739,-0.0186915887850467,0.0120481927710842,0.1140583554376657,197.925,6.100795755968158,198.2,5.95358224016147,193.80833333333334,8.354473921829975,75.90361445783132,0.020290150185209247,0.9638112097737569,,465174.0,,1540247.0,465174.0,1540247.0,91.27,-0.37000000000000455,-1.2700000000000102,-20,-203.0,-295.0,0.2628255722178374,0.1698735324453637,102.44,1.64,0.81,力智,半導體業,0.020290150185209247,12.5,25.0,12.5,12.5,62.5,37.5,50.0,50.0,62.5,62.5,25.0,12.5,87.5,100.0,0.0,75.0,87.5,27.083333333333332,43.75,65.625,87.5,49.6875
2025-09-24,6768,692002,72228137,105.5,106.0,103.0,103.5,-1.0,588,-0.0095693779904306,0.0298507462686568,-0.0142857142857142,102.28,1.1928040672663176,104.29333333333332,-0.7606750191766709,106.26500000000001,-2.6019856020326637,54.09836065573771,0.018349368047938065,0.7413193839996529,,1566074.0,,-1849560.0,1566074.0,-1849560.0,40.96,-0.7100000000000009,0.4399999999999977,-24,18.0,190.0,-0.2931840513983371,-0.175770249485472,12.21,1.51,5.97,志強-KY,運動休閒,0.018349368047938065,6.0,6.0,2.0,2.0,16.0,18.0,66.0,16.0,24.0,86.0,46.0,50.0,4.0,10.0,60.0,58.0,72.0,8.333333333333334,48.0,33.0,72.0,34.0
2025-09-24,6770,362241550,8609271992,23.7,24.7,22.9,23.85,0.4,108281,0.0170575692963752,0.1691176470588236,0.5047318611987384,18.2525,30.667031913436517,16.613333333333333,43.5593900481541,15.730833333333333,51.613074111352454,88.62559241706164,0.0391342735590722,3.4224826796653383,,54285976.0,,118258246.0,54285976.0,118258246.0,90.21,-1.3400000000000034,-2.440000000000012,4578,20990.0,29704.0,0.007796990446812,0.0172690287542665,0.0,1.18,0.0,力積電,半導體業,0.0391342735590722,75.0,87.5,75.0,75.0,75.0,100.0,87.5,87.5,37.5,50.0,100.0,87.5,62.5,62.5,68.75,87.5,37.5,81.25,75.0,70.3125,37.5,71.71875
2025-09-24,8046,30059726,6716481588,238.0,239.0,216.5,220.5,-14.0,35491,-0.0597014925373133,0.1395348837209302,0.0729927007299269,200.275,10.098614405192862,178.14166666666668,23.777892127052436,139.88500000000002,57.629481359688285,67.67676767676767,0.05224952410848727,1.1384096417388982,,19548892.0,,13762338.0,19548892.0,13762338.0,89.22,-3.0600000000000023,-2.430000000000007,-467,-1473.0,-1074.0,0.2290988799555791,0.0515464088365746,551.25,3.29,0.45,南電,電子工業,0.05224952410848727,22.22222222222222,55.55555555555556,66.66666666666666,88.88888888888889,22.22222222222222,55.55555555555556,77.77777777777779,66.66666666666666,22.22222222222222,11.11111111111111,22.22222222222222,33.33333333333333,55.55555555555556,44.44444444444444,0.0,11.111111111111114,0.0,51.85185185185185,38.88888888888889,27.77777777777778,0.0,35.55555555555556
2025-09-24,8105,4910867,68125766,14.15,14.2,13.55,13.7,-0.3,1918,-0.0214285714285714,0.0458015267175573,-0.0036363636363636,13.27,3.240391861341374,13.386666666666667,2.34063745019919,12.943833333333334,5.841906699457899,51.515151515151516,0.021536363038421647,3.450567386378771,,412000.0,,-682950.0,412000.0,-682950.0,60.21,-0.13000000000000256,0.17999999999999972,301,512.0,52.0,0.0300487198958276,0.2451610054004946,0.0,0.79,0.0,凌巨,光電業,0.021536363038421647,8.0,20.0,8.0,18.0,10.0,86.0,48.0,26.0,57.99999999999999,82.0,74.0,42.0,46.0,96.0,82.0,91.0,60.0,25.0,55.0,78.75,60.0,53.625
2025-09-24,9955,688210,20698579,30.45,30.75,29.75,29.75,-0.5,653,-0.0165289256198346,-0.0083333333333333,0.0549645390070923,29.5075,0.8218249597560012,28.644166666666667,3.860588252407404,28.975833333333334,2.6717667021368463,50.40000000000001,0.018970082554590505,0.4811689452817411,,524000.0,,922750.0,524000.0,922750.0,97.5,-0.4899999999999949,-0.9200000000000017,-107,-184.0,232.0,0.3271061817130347,0.0946345369210981,0.0,2.76,0.0,佳龍,綠能環保,0.018970082554590505,26.0,2.0,20.0,10.0,8.0,4.0,54.0,50.0,26.0,36.0,22.0,57.99999999999999,86.0,82.0,82.0,20.0,68.0,11.666666666666666,41.0,67.5,68.0,42.849999999999994
