date,stock_id,Trading_Volume,Trading_money,open,max,min,close,spread,Trading_turnover
2023-07-17,1605,26552001,1100277853,41.0,42.15,40.65,41.45,0.6,11275
2023-07-18,1605,31624995,1292957042,41.55,41.6,40.65,40.65,-0.8,13563
2023-07-19,1605,24104306,982611731,40.95,41.25,40.4,40.4,-0.25,12310
2023-07-20,1605,14819492,603427954,40.55,41.0,40.35,40.6,0.2,5738
2023-07-21,1605,29766625,1196035549,40.75,41.0,39.85,39.9,-0.7,13635
2023-07-24,1605,38708510,1513954591,39.85,39.85,38.3,39.1,-0.8,16103
2023-07-25,1605,23879530,957569857,39.45,40.65,39.35,40.4,1.3,11445
2023-07-26,1605,16739029,673992999,40.7,40.95,39.8,39.85,-0.55,8989
2023-07-27,1605,12949655,522966546,40.0,40.7,39.9,40.35,0.5,5770
2023-07-28,1605,12240095,495026425,40.3,40.65,40.2,40.5,0.15,6042
2023-07-31,1605,22500579,894674444,40.75,40.95,39.9,40.0,-0.5,8948
2023-08-01,1605,14550596,586343724,40.3,40.65,39.9,40.45,0.45,6531
2023-08-02,1605,172790692,7310920314,41.0,43.45,41.0,41.35,0.9,79208
2023-08-04,1605,74563705,2924869184,40.15,40.5,38.75,38.9,-2.45,38129
2023-08-07,1605,23257722,912366142,38.9,39.6,38.65,39.35,0.45,10226
2023-08-08,1605,30306699,1209472247,39.65,40.3,39.5,39.55,0.2,13546
2023-08-09,1605,28485532,1112815105,39.75,39.75,38.95,38.95,-0.6,10681
2023-08-10,1605,32151213,1246531408,39.25,39.9,38.3,38.35,-0.6,15169
2023-08-11,1605,13947719,534203361,38.45,38.7,38.1,38.1,-0.25,6975
2023-08-14,1605,48022391,1729621062,36.2,36.7,35.7,35.7,-2.4,20949
2023-08-15,1605,17975539,647741007,35.9,36.3,35.85,35.9,0.2,8461
2023-08-16,1605,17180159,612065412,35.55,35.95,35.3,35.7,-0.2,7888
2023-08-17,1605,18159918,654543618,35.55,36.4,35.4,36.4,0.7,8039
2023-08-18,1605,13086035,478406478,36.45,36.95,36.2,36.4,0.0,7248
2023-08-21,1605,6957801,254436722,36.5,36.8,36.4,36.55,0.15,3982
2023-08-22,1605,16287450,590438025,36.7,36.75,35.85,35.9,-0.65,6758
2023-08-23,1605,7617671,275400831,36.15,36.6,35.9,36.05,0.15,4315
2023-08-24,1605,19510390,703217624,36.05,36.35,35.7,36.25,0.2,8985
2023-08-25,1605,12351553,449296802,36.2,36.7,35.9,36.35,0.1,5201
2023-08-28,1605,9169088,333249684,36.4,36.7,36.15,36.4,0.05,4625
2023-08-29,1605,9484565,345671682,36.5,36.7,36.1,36.65,0.25,4664
2023-08-30,1605,8820878,324388257,36.85,36.95,36.6,36.75,0.1,5047
2023-08-31,1605,29354852,1102475446,36.9,38.0,36.7,38.0,1.25,10778
2023-09-01,1605,26121740,987954811,38.0,38.4,37.25,37.25,-0.75,13721
2023-09-04,1605,17388966,653919078,37.55,38.0,37.0,38.0,0.75,8095
2023-09-05,1605,9769875,367601850,37.95,38.0,37.45,37.6,-0.4,5237
2023-09-06,1605,9018570,338300861,37.6,37.8,37.3,37.4,-0.2,4259
2023-09-07,1605,12927050,477203645,37.15,37.2,36.7,36.75,-0.65,7034
2023-09-08,1605,10646482,388205055,36.7,36.8,36.2,36.5,-0.25,5144
2023-09-11,1605,11415178,410379058,36.3,36.4,35.7,35.75,-0.75,6533
2023-09-12,1605,8850503,321574972,36.05,36.6,35.95,36.55,0.8,4689
2023-09-13,1605,8035638,294021337,36.5,36.85,36.2,36.8,0.25,4997
2023-09-14,1605,11936097,444274949,37.0,37.55,36.9,37.55,0.75,5827
2023-09-15,1605,55903607,2128353073,37.6,38.25,37.3,38.25,0.7,9422
2023-09-18,1605,8447196,319303457,38.25,38.25,37.6,37.7,-0.55,4634
2023-09-19,1605,12069382,459491799,37.95,38.4,37.7,37.9,0.2,6387
2023-09-20,1605,38214071,1466233010,38.5,39.15,37.65,37.65,-0.25,18938
2023-09-21,1605,13021756,486594215,37.6,37.8,37.1,37.2,-0.45,7019
2023-09-22,1605,8674095,323340456,37.1,37.45,37.0,37.4,0.2,4439
2023-09-25,1605,5691526,214248280,37.5,37.95,37.4,37.7,0.3,3382
2023-09-26,1605,13409493,505461912,37.7,38.15,37.35,37.6,-0.1,6931
2023-09-27,1605,11645880,431078534,37.75,37.75,36.65,36.75,-0.85,7070
2023-09-28,1605,7414655,273759895,36.85,37.25,36.7,36.8,0.05,4032
2023-10-02,1605,6571893,243591183,37.15,37.3,36.9,37.1,0.3,3389
2023-10-03,1605,21682620,786421002,36.9,37.0,36.0,36.0,-1.1,10867
2023-10-04,1605,29931312,1048986872,35.6,35.65,34.7,35.1,-0.9,13666
2023-10-05,1605,19542035,703514652,35.25,36.45,35.2,36.05,0.95,8905
2023-10-06,1605,25799588,955145110,36.6,37.5,36.5,37.0,0.95,12901
2023-10-11,1605,14874119,556727436,37.7,37.7,37.15,37.25,0.25,7993
2023-10-12,1605,17874253,670371138,37.55,37.9,36.85,37.85,0.6,9131
2023-10-13,1605,9754884,365228217,37.7,37.75,37.2,37.35,-0.5,4970
2023-10-16,1605,34907534,1253970291,36.8,36.85,35.5,36.05,-1.3,14683
2023-10-17,1605,8295617,301177296,36.3,36.55,36.05,36.1,0.05,4883
2023-10-18,1605,16718042,596903201,36.35,36.35,35.55,35.6,-0.5,6553
2023-10-19,1605,10115604,359552509,35.5,35.9,35.3,35.75,0.15,5057
2023-10-20,1605,16491139,577341618,35.4,35.45,34.85,34.85,-0.9,7649
2023-10-23,1605,9835575,343784788,34.65,35.3,34.6,34.75,-0.1,4427
2023-10-24,1605,5813056,203266596,34.8,35.25,34.75,35.05,0.3,3320
2023-10-25,1605,6612307,235518780,35.4,35.85,35.4,35.5,0.45,3743
2023-10-26,1605,8428118,294678392,35.2,35.25,34.85,34.85,-0.65,4331
2023-10-27,1605,6007914,211025339,35.0,35.35,34.9,35.05,0.2,3281
2023-10-30,1605,5982210,210910571,35.1,35.4,35.0,35.4,0.35,3325
2023-10-31,1605,12827283,446630352,35.6,35.6,34.3,34.35,-1.05,7824
2023-11-01,1605,10794231,368747763,34.6,34.75,33.8,34.1,-0.25,6235
2023-11-02,1605,8389938,288985154,34.4,34.65,34.2,34.5,0.4,4654
2023-11-03,1605,8862960,311143773,34.95,35.3,34.8,35.3,0.8,4671
2023-11-06,1605,15815919,568899386,35.6,36.2,35.5,36.15,0.85,8071
2023-11-07,1605,10503814,380022699,36.4,36.4,35.85,36.2,0.05,5945
2023-11-08,1605,12731109,455264983,36.35,36.35,35.6,35.6,-0.6,6909
2023-11-09,1605,8869170,314421737,35.6,35.7,35.3,35.55,-0.05,4149
2023-11-10,1605,5627765,199105417,35.45,35.65,35.25,35.45,-0.1,3084
2023-11-13,1605,7569735,270172080,35.75,35.95,35.4,35.95,0.5,3669
2023-11-14,1605,8332509,298545116,35.95,36.0,35.6,36.0,0.05,4695
2023-11-15,1605,64009888,2405987220,36.3,38.5,36.25,38.1,2.1,26546
2023-11-16,1605,27135863,1034131420,38.5,38.75,37.6,38.15,0.05,12826
2023-11-17,1605,12588602,479157434,38.3,38.45,37.75,38.0,-0.15,6405
2023-11-20,1605,13473776,513877100,38.2,38.7,37.9,38.05,0.05,6386
2023-11-21,1605,25392369,978990952,38.2,38.85,37.9,38.85,0.8,11467
2023-11-22,1605,13498662,522692168,38.7,39.0,38.25,38.9,0.05,7492
2023-11-23,1605,38527329,1523602996,39.0,40.15,38.9,39.8,0.9,17851
2023-11-24,1605,28574066,1142096781,40.0,40.5,39.5,39.55,-0.25,16031
2023-11-27,1605,14921447,588691110,39.6,40.0,38.95,39.0,-0.55,7363
2023-11-28,1605,16204097,641814085,39.4,39.9,38.85,39.9,0.9,8713
2023-11-29,1605,16062585,634191558,39.9,40.05,39.15,39.35,-0.55,8600
2023-11-30,1605,23733019,924526526,39.5,39.5,38.65,38.9,-0.45,8669
2023-12-01,1605,19123410,737649973,39.3,39.3,38.3,38.3,-0.6,9318
2023-12-04,1605,60863032,2383703482,39.3,40.5,38.35,38.35,0.05,29669
2023-12-05,1605,47371001,1760073513,38.0,38.0,36.75,36.85,-1.5,22678
2023-12-06,1605,30304055,1114136958,36.9,37.15,36.45,36.65,-0.2,14529
2023-12-07,1605,29348241,1089050819,36.85,37.75,36.7,36.75,0.1,14294
2023-12-08,1605,13942108,517391895,37.0,37.35,36.95,37.0,0.25,7182
2023-12-11,1605,13748706,507003568,37.1,37.35,36.6,36.8,-0.2,6636
2023-12-12,1605,16747277,626783124,37.2,37.6,37.1,37.45,0.65,8734
2023-12-13,1605,15132850,563816696,37.6,37.8,37.05,37.1,-0.35,7383
2023-12-14,1605,14434317,537054270,37.4,37.45,37.05,37.1,0.0,6882
2023-12-15,1605,105232410,4050985157,37.35,39.2,37.3,38.4,1.3,30937
2023-12-18,1605,68752640,2686746255,38.9,39.45,38.5,39.25,0.85,22710
2023-12-19,1605,55769529,2170599987,39.4,39.4,38.25,39.2,-0.05,16704
2023-12-20,1605,46373153,1808300048,39.4,39.4,38.8,38.9,-0.3,12723
2023-12-21,1605,44260215,1726304011,38.4,39.55,38.2,39.55,0.65,14254
2023-12-22,1605,31609461,1241329965,39.4,39.65,38.85,38.85,-0.7,12800
2023-12-25,1605,16348214,630348117,39.3,39.3,38.15,38.15,-0.7,8380
2023-12-26,1605,11133245,425951999,38.5,38.55,38.15,38.2,0.05,5409
2023-12-27,1605,29989525,1171516465,38.4,39.4,38.4,39.0,0.8,14193
2023-12-28,1605,31717481,1245135707,39.4,39.7,38.7,39.1,0.1,14701
2023-12-29,1605,16472779,639013155,39.35,39.35,38.6,38.65,-0.45,8987
2024-01-02,1605,7980261,306616948,38.75,38.8,38.3,38.3,-0.35,4462
2024-01-03,1605,14266740,538488425,38.2,38.25,37.5,37.6,-0.7,8210
2024-01-04,1605,8104852,307016373,37.6,38.3,37.6,37.7,0.1,4011
2024-01-05,1605,7086896,266167911,38.0,38.0,37.3,37.3,-0.4,4336
2024-01-08,1605,8828721,330683825,37.65,37.9,37.2,37.25,-0.05,4083
2024-01-09,1605,15252211,560574447,37.4,37.45,36.55,36.55,-0.7,8331
2024-01-10,1605,9863178,356533183,36.6,36.6,36.0,36.0,-0.55,5623
2024-01-11,1605,6484493,234530489,36.15,36.5,36.05,36.2,0.2,3814
2024-01-12,1605,8209401,296103382,36.1,36.25,36.0,36.05,-0.15,4292
2024-01-15,1605,7441459,272351935,36.3,36.8,36.3,36.65,0.6,3888
2024-01-16,1605,12196051,439740919,36.35,36.6,35.9,35.9,-0.75,6247
2024-01-17,1605,23344840,820306115,35.75,36.0,34.7,34.7,-1.2,12362
2024-01-18,1605,5487464,192359717,34.8,35.25,34.75,35.1,0.4,3321
2024-01-19,1605,6717851,238972606,35.05,35.85,35.05,35.85,0.75,3511
2024-01-22,1605,7407190,264397406,35.85,35.95,35.5,35.75,-0.1,4721
2024-01-23,1605,5950973,214535454,35.8,36.3,35.8,36.2,0.45,3440
2024-01-24,1605,5413877,196310729,36.3,36.4,36.1,36.3,0.1,3327
2024-01-25,1605,5778526,208881373,36.6,36.6,35.9,35.95,-0.35,3388
2024-01-26,1605,4614587,167093828,36.0,36.4,36.0,36.2,0.25,2301
2024-01-29,1605,5574008,202288908,36.1,36.5,35.85,36.35,0.15,2763
2024-01-30,1605,7859532,281649870,36.4,36.45,35.6,35.6,-0.75,5310
2024-01-31,1605,5933916,210519900,35.5,35.75,35.3,35.4,-0.2,3616
2024-02-01,1605,4930278,174509212,35.45,35.55,35.3,35.45,0.05,3071
2024-02-02,1605,6159272,217436188,35.65,35.7,35.15,35.25,-0.2,3725
2024-02-05,1605,8809550,307399013,35.1,35.1,34.8,34.8,-0.45,5320
2024-02-15,1605,9882901,345647951,34.85,35.3,34.55,35.3,0.5,5425
2024-02-16,1605,7176921,256762179,35.3,36.05,35.3,36.05,0.75,4278
2024-02-19,1605,7409641,269087014,36.3,36.5,36.05,36.45,0.4,4619
2024-02-20,1605,5845243,211668694,36.6,36.6,36.0,36.3,-0.15,3532
2024-02-21,1605,9647536,352764822,36.55,36.9,36.35,36.4,0.1,4989
2024-02-22,1605,7698014,281530877,36.65,36.7,36.35,36.65,0.25,3664
2024-02-23,1605,11428924,414478528,36.8,36.85,35.95,36.05,-0.6,5750
2024-02-26,1605,11016885,396112050,35.9,36.4,35.6,35.9,-0.15,5721
2024-02-27,1605,7175009,256539024,35.8,36.25,35.4,35.65,-0.25,3937
2024-02-29,1605,17963143,654982055,35.65,37.0,35.3,37.0,1.35,6584
2024-03-01,1605,11321572,411049780,36.7,36.7,36.1,36.1,-0.9,6595
2024-03-04,1605,9947933,362999683,36.2,36.75,36.15,36.45,0.35,4528
2024-03-05,1605,8288974,299529926,36.1,36.6,36.0,36.1,-0.35,4172
2024-03-06,1605,7244928,261116166,35.9,36.35,35.8,35.85,-0.25,3829
2024-03-07,1605,12626948,446241145,35.65,35.8,35.1,35.1,-0.75,7250
2024-03-08,1605,10987085,384283499,35.0,35.2,34.7,35.15,0.05,5862
2024-03-11,1605,5937248,209553316,35.2,35.65,35.0,35.55,0.4,3380
2024-03-12,1605,7206109,256363250,35.6,35.8,35.45,35.6,0.05,3994
2024-03-13,1605,7272359,257237400,35.6,35.85,35.05,35.05,-0.55,4558
2024-03-14,1605,22945087,828702218,35.85,36.35,35.55,36.3,1.25,10999
2024-03-15,1605,27564253,1011248627,36.4,37.15,36.0,37.05,0.75,12610
2024-03-18,1605,21579713,800055270,37.1,37.35,36.6,37.25,0.2,11528
2024-03-19,1605,25697281,954331962,37.3,38.0,36.6,36.6,-0.65,12334
2024-03-20,1605,12955723,474096970,36.6,36.95,36.15,36.65,0.05,7638
2024-03-21,1605,21293198,794395761,37.0,37.6,37.0,37.35,0.7,10283
2024-03-22,1605,25909029,976990515,37.2,38.0,37.2,37.55,0.2,12353
2024-03-25,1605,17622635,664893451,37.85,38.15,37.3,37.45,-0.1,9173
2024-03-26,1605,54571769,2080557690,37.8,38.8,37.4,37.9,0.45,25380
2024-03-27,1605,15565377,585494232,37.75,37.9,37.25,37.5,-0.4,8408
2024-03-28,1605,15006232,565582503,37.65,38.2,37.25,37.4,-0.1,7518
2024-03-29,1605,12009308,453022504,37.7,38.1,37.5,37.55,0.15,5347
2024-04-01,1605,7031887,263422621,37.9,37.95,37.3,37.3,-0.25,4059
2024-04-02,1605,11729361,431836462,37.3,37.35,36.65,36.7,-0.6,6336
2024-04-03,1605,20419511,755414573,37.15,37.9,36.3,36.3,-0.4,9933
2024-04-08,1605,17507685,652440431,36.3,37.7,36.25,37.6,1.3,8596
2024-04-09,1605,49494322,1905778642,37.8,39.0,37.35,38.8,1.2,22540
2024-04-10,1605,37340709,1449501397,39.1,39.2,38.3,39.0,0.2,19843
2024-04-11,1605,35085490,1369254524,39.0,39.45,38.6,38.75,-0.25,17669
2024-04-12,1605,39391020,1548800659,38.7,39.85,38.45,39.2,0.45,19542
2024-04-15,1605,87740956,3520896044,40.5,41.3,39.35,39.6,0.4,38966
2024-04-16,1605,48501259,1883434331,39.8,40.0,37.85,38.05,-1.55,24637
2024-04-17,1605,126022799,5082509208,38.2,41.2,38.1,40.35,2.3,54677
2024-04-18,1605,147967412,6063418311,40.65,42.0,40.0,40.4,0.05,69003
2024-04-19,1605,76977453,3004857475,40.0,40.35,37.6,38.85,-1.55,36550
2024-04-22,1605,42258394,1635617896,39.2,39.7,37.9,38.0,-0.85,18402
2024-04-23,1605,23897174,906922181,38.5,38.75,37.55,37.55,-0.45,11585
2024-04-24,1605,24006671,901791984,37.8,38.05,37.35,37.5,-0.05,12771
2024-04-25,1605,19603776,724943432,37.45,37.45,36.8,36.95,-0.55,9451
2024-04-26,1605,16970396,627023262,37.0,37.3,36.8,36.8,-0.15,9154
2024-04-29,1605,13637496,508381049,37.0,37.5,36.9,37.35,0.55,6955
2024-04-30,1605,21540778,796732577,37.5,37.55,36.8,36.9,-0.45,9906
2024-05-02,1605,9046789,335002140,37.05,37.2,36.95,36.95,0.05,5091
2024-05-03,1605,16852664,623242465,37.1,37.5,36.6,36.65,-0.3,8294
2024-05-06,1605,19424338,709128002,37.1,37.1,36.2,36.3,-0.35,10845
2024-05-07,1605,16504835,598924980,36.45,36.65,35.95,36.55,0.25,8214
2024-05-08,1605,7346236,267798714,36.7,36.7,36.3,36.45,-0.1,3982
2024-05-09,1605,20192518,722797828,36.4,36.45,35.5,35.55,-0.9,12180
2024-05-10,1605,10548609,375709035,35.6,35.9,35.35,35.75,0.2,5628
2024-05-13,1605,12920898,463787013,35.8,36.2,35.7,36.0,0.25,5238
2024-05-14,1605,9530013,341103740,36.0,36.25,35.65,35.75,-0.25,5110
2024-05-15,1605,11994144,431972527,35.9,36.3,35.75,35.8,0.05,5879
2024-05-16,1605,11039181,398071918,36.1,36.25,35.9,36.15,0.35,6459
2024-05-17,1605,11345005,410880626,36.3,36.5,36.0,36.1,-0.05,6048
2024-05-20,1605,96288239,3688910905,36.95,39.45,36.9,38.9,2.8,40661
2024-05-21,1605,85389152,3332307633,38.8,39.85,38.25,38.5,-0.4,42078
2024-05-22,1605,32893790,1254636296,38.8,38.9,37.65,37.8,-0.7,17422
2024-05-23,1605,26332322,980295448,37.55,37.7,37.0,37.15,-0.65,11131
2024-05-24,1605,8631047,318431314,37.0,37.15,36.5,37.0,-0.15,4908
2024-05-27,1605,23234056,875915195,37.2,38.4,36.85,37.95,0.95,10826
2024-05-28,1605,16540790,629395581,38.1,38.3,37.65,38.1,0.15,8405
2024-05-29,1605,15765981,592481619,38.25,38.3,37.25,37.35,-0.75,7425
2024-05-30,1605,10070595,372687573,37.15,37.3,36.8,36.85,-0.5,5756
2024-05-31,1605,14704079,544078568,37.05,37.25,36.95,36.95,0.1,4030
2024-06-03,1605,8978932,330471140,37.35,37.35,36.65,36.65,-0.3,5278
2024-06-04,1605,9071548,331708667,36.65,36.9,36.45,36.45,-0.2,5095
2024-06-05,1605,8391928,306805291,36.6,37.0,36.35,36.35,-0.1,4119
2024-06-06,1605,9215301,336422779,36.4,36.8,36.25,36.45,0.1,4127
2024-06-07,1605,12135577,450751566,36.6,37.35,36.6,37.35,0.9,6138
2024-06-11,1605,10908586,407042769,37.4,37.5,37.0,37.15,-0.2,5800
2024-06-12,1605,8379155,309430348,37.1,37.3,36.75,36.8,-0.35,4891
2024-06-13,1605,8954469,329959519,36.95,37.15,36.65,36.65,-0.15,4707
2024-06-14,1605,12712184,474904294,36.75,37.7,36.75,37.25,0.6,6096
2024-06-17,1605,15733460,581421396,37.5,37.5,36.8,36.9,-0.35,7756
2024-06-18,1605,11370556,420056806,37.0,37.15,36.7,37.1,0.2,4848
2024-06-19,1605,15565642,575477974,37.2,37.4,36.85,36.85,-0.25,8100
2024-06-20,1605,19580529,705212874,36.05,36.5,35.8,36.05,0.0,9645
2024-06-21,1605,20773745,746872188,36.1,36.15,35.85,35.9,-0.15,6654
2024-06-24,1605,16910930,603863101,36.05,36.15,35.6,35.65,-0.25,6551
2024-06-25,1605,19450297,691219273,35.9,35.9,35.35,35.55,-0.1,6667
2024-06-26,1605,16432601,583717413,35.6,35.95,35.4,35.4,-0.15,5746
2024-06-27,1605,17839094,626528839,35.25,35.35,35.0,35.15,-0.25,7376
2024-06-28,1605,7287488,258755806,35.25,35.8,35.2,35.5,0.35,4040
2024-07-01,1605,5927464,210837414,35.75,35.8,35.45,35.45,-0.05,2762
2024-07-02,1605,7773626,274048196,35.35,35.5,35.15,35.15,-0.3,3708
2024-07-03,1605,6293609,222687139,35.2,35.6,35.2,35.4,0.25,3118
2024-07-04,1605,9012173,322148167,35.55,35.9,35.5,35.8,0.4,4241
2024-07-05,1605,8089499,288623076,35.8,35.85,35.6,35.65,-0.15,3663
2024-07-08,1605,9776508,352168492,35.95,36.3,35.8,35.9,0.25,4910
2024-07-09,1605,12541539,444413709,36.1,36.1,35.05,35.6,-0.3,6371
2024-07-10,1605,7805554,275341502,35.6,35.6,35.15,35.25,-0.35,4188
2024-07-11,1605,7443137,262985655,35.3,35.5,35.1,35.45,0.2,3833
2024-07-12,1605,13548772,486224503,35.35,36.3,35.1,35.85,0.4,6416
2024-07-15,1605,5798967,207225828,36.1,36.1,35.55,35.7,-0.15,3211
2024-07-16,1605,5551771,198690842,35.85,36.05,35.65,35.7,0.0,2800
2024-07-17,1605,22980960,831371568,35.9,36.45,35.9,36.15,0.45,9316
2024-07-18,1605,11051561,398342938,36.15,36.5,35.65,36.0,-0.15,5430
2024-07-19,1605,10321822,368506366,36.0,36.15,35.4,35.75,-0.25,5086
2024-07-22,1605,11893952,416151116,35.6,35.85,34.6,34.8,-0.95,6605
2024-07-23,1605,8886298,315028103,34.95,35.8,34.9,35.8,1.0,4256
2024-07-26,1605,10680535,381346353,35.5,36.0,35.2,35.9,0.1,5565
2024-07-29,1605,7798652,277051247,36.1,36.1,35.25,35.25,-0.65,3814
2024-07-30,1605,10909877,377317861,35.2,35.2,34.15,34.85,-0.4,5680
2024-07-31,1605,11829235,407169055,34.6,34.95,34.25,34.5,-0.35,4991
2024-08-01,1605,9387811,327941710,34.7,35.2,34.55,35.15,0.65,4352
2024-08-02,1605,13182853,450811139,34.65,34.65,34.0,34.05,-1.1,7705
2024-08-05,1605,26334096,815906968,33.1,33.1,30.65,30.65,-3.4,12455
2024-08-06,1605,19839972,604754493,30.75,31.35,29.0,30.95,0.3,8374
2024-08-07,1605,15551913,508093044,31.0,33.45,31.0,33.1,2.15,7189
2024-08-08,1605,8934354,287923466,32.35,32.65,31.75,32.3,-0.8,5756
2024-08-09,1605,9496639,313749443,32.55,33.4,32.5,33.0,0.7,5043
2024-08-12,1605,5957474,198802556,33.15,33.55,32.9,33.5,0.5,3947
2024-08-13,1605,5195349,172777037,33.55,33.55,33.1,33.3,-0.2,2358
2024-08-14,1605,5888415,196635267,33.75,33.75,33.15,33.35,0.05,3350
2024-08-15,1605,4319056,143083739,33.7,33.7,32.9,32.9,-0.45,2658
2024-08-16,1605,5584445,186384511,33.45,33.55,33.2,33.35,0.45,3269
2024-08-19,1605,5520566,183481655,33.35,33.45,33.0,33.3,-0.05,2571
2024-08-20,1605,8957413,301642951,33.4,34.2,33.25,33.75,0.45,4115
2024-08-21,1605,5616146,189878062,33.6,34.1,33.55,33.75,0.0,3611
2024-08-22,1605,3336743,113275149,33.85,34.1,33.8,34.05,0.3,2203
2024-08-23,1605,3176613,107744898,33.85,34.1,33.65,34.0,-0.05,2257
2024-08-26,1605,8934819,309951597,34.2,34.9,34.15,34.8,0.8,4742
2024-08-27,1605,5483840,188912521,34.65,34.75,34.2,34.75,-0.05,3265
2024-08-28,1605,4741572,164935020,34.85,35.0,34.55,34.9,0.15,2534
2024-08-29,1605,4576649,158259733,34.55,34.85,34.35,34.65,-0.25,2675
2024-08-30,1605,11545300,405214194,34.7,35.25,34.65,35.15,0.5,3499
2024-09-02,1605,6812759,240901701,35.2,35.6,35.05,35.45,0.3,3160
2024-09-03,1605,4117461,144017989,35.25,35.4,34.8,34.8,-0.65,3237
2024-09-04,1605,11001087,365026380,33.2,33.55,32.65,33.15,-1.65,9136
2024-09-05,1605,7085553,239963566,33.75,34.3,33.45,33.5,0.35,3506
2024-09-06,1605,8860804,291191145,33.5,33.6,32.6,32.75,-0.75,5170
2024-09-09,1605,9761045,307602184,31.5,32.0,31.15,31.9,-0.85,5687
2024-09-10,1605,12612659,392638343,32.0,32.1,30.6,30.75,-1.15,7376
2024-09-11,1605,5411837,169345628,30.95,31.6,30.75,31.4,0.65,3102
2024-09-12,1605,10382748,326338710,31.95,31.95,31.1,31.6,0.2,4958
2024-09-13,1605,10098331,320346225,31.65,31.9,31.45,31.9,0.3,3940
2024-09-16,1605,11328816,359520149,31.8,32.25,31.55,31.6,-0.3,5128
2024-09-18,1605,13508620,432986088,31.6,32.45,31.6,31.85,0.25,6679
2024-09-19,1605,6026259,194005614,31.85,32.4,31.75,32.4,0.55,3319
2024-09-20,1605,11604633,375994728,32.7,32.75,32.1,32.4,0.0,3608
2024-09-23,1605,10292327,335917200,32.6,33.0,32.45,32.5,0.1,3752
2024-09-24,1605,10690128,346482822,32.5,32.65,32.2,32.5,0.0,4459
2024-09-25,1605,20106457,676772103,32.9,34.15,32.8,33.5,1.0,7794
2024-09-26,1605,10911537,367370972,33.6,34.1,33.45,33.45,-0.05,4985
2024-09-27,1605,36203959,1267769419,34.0,35.8,33.85,35.55,2.1,15410
2024-09-30,1605,25200028,886931925,35.9,36.0,34.7,35.0,-0.55,14376
2024-10-01,1605,9147047,317397002,35.15,35.25,34.4,35.0,0.0,7240
2024-10-04,1605,10989123,378280306,35.0,35.05,34.1,34.45,-0.55,5902
2024-10-07,1605,9465132,323607562,34.55,34.75,33.95,34.35,-0.1,4905
2024-10-08,1605,14369139,488133418,34.15,34.6,33.8,33.9,-0.45,6054
2024-10-09,1605,21657926,715761207,33.8,33.85,32.65,32.85,-1.05,7291
2024-10-11,1605,14549043,468352683,32.8,33.0,31.9,32.0,-0.85,7218
2024-10-14,1605,4176723,135052742,32.1,32.45,32.1,32.45,0.45,2316
2024-10-15,1605,7898733,254433228,32.5,32.5,32.0,32.1,-0.35,3504
2024-10-16,1605,17321768,549596444,31.8,32.1,31.6,31.65,-0.45,6377
2024-10-17,1605,7934076,254991511,31.65,32.55,31.65,32.05,0.4,4524
2024-10-18,1605,8076968,258255884,32.35,32.35,31.8,31.8,-0.25,4746
2024-10-21,1605,6221290,197718183,31.95,32.0,31.6,31.7,-0.1,3501
2024-10-22,1605,14577895,456620607,31.8,31.95,31.15,31.25,-0.45,6580
2024-10-23,1605,7751935,242062280,31.35,31.55,31.1,31.15,-0.1,4104
2024-10-24,1605,8835153,273204539,31.15,31.2,30.8,30.85,-0.3,4377
2024-10-25,1605,8254632,254681251,30.9,31.1,30.75,31.0,0.15,4747
2024-10-28,1605,9631677,295411555,31.0,31.05,30.5,30.8,-0.2,5101
2024-10-29,1605,13886756,419256328,30.85,30.9,30.0,30.1,-0.7,7006
2024-10-30,1605,14480734,431065433,30.3,30.3,29.6,29.6,-0.5,8160
2024-11-01,1605,12910678,381536883,29.5,30.1,29.1,30.1,0.5,6833
2024-11-04,1605,10526831,313149060,30.15,30.2,29.5,29.6,-0.5,4706
2024-11-05,1605,9796321,289707232,29.65,29.85,29.45,29.7,0.1,4337
2024-11-06,1605,6991309,208408219,29.7,30.0,29.55,29.85,0.15,3198
2024-11-07,1605,11192418,340514767,29.8,30.65,29.8,30.65,0.8,4871
2024-11-08,1605,12788775,387736670,30.95,30.95,29.95,30.15,-0.5,5791
2024-11-11,1605,29136422,841335432,30.0,30.0,28.6,28.8,-1.35,14525
2024-11-12,1605,22012865,622641765,28.6,29.05,28.0,28.05,-0.75,8953
2024-11-13,1605,15643604,432555426,28.0,28.05,27.5,27.6,-0.45,7343
2024-11-14,1605,10213829,280547596,27.6,27.75,27.25,27.25,-0.35,5240
2024-11-15,1605,11242096,312488618,27.4,28.2,27.4,27.8,0.55,4913
2024-11-18,1605,14684721,410668093,28.0,28.45,27.7,27.9,0.1,6702
2024-11-19,1605,15785148,451986858,28.15,29.1,28.05,28.9,1.0,7751
2024-11-20,1605,10693504,306871327,29.0,29.25,28.45,28.6,-0.3,6211
2024-11-21,1605,9318180,261952358,28.35,28.4,27.9,28.3,-0.3,4743
2024-11-22,1605,5018123,143769143,28.5,28.9,28.45,28.65,0.35,2757
2024-11-25,1605,14327138,414753378,29.0,29.15,28.8,28.9,0.25,5075
2024-11-26,1605,9011415,259240174,28.85,29.1,28.4,28.75,-0.15,5022
2024-11-27,1605,21605380,600831475,28.5,28.5,27.5,27.5,-1.25,10311
2024-11-28,1605,24182410,644418628,27.5,27.5,26.4,26.55,-0.95,11980
2024-11-29,1605,29512498,772021322,26.25,26.55,25.7,26.1,-0.45,12935
2024-12-02,1605,43442465,1097622063,26.1,26.2,25.35,25.5,-0.6,14852
2024-12-03,1605,21448902,547931488,25.7,25.95,25.2,25.9,0.4,10970
2024-12-04,1605,17203387,437022290,25.9,25.95,25.25,25.25,-0.65,9581
2024-12-05,1605,11708495,296122031,25.35,25.5,25.2,25.25,0.0,5723
2024-12-06,1605,35633298,917288039,25.8,26.35,25.4,25.4,0.15,15461
2024-12-09,1605,24388113,627094707,25.7,26.0,25.1,25.9,0.5,10920
2024-12-10,1605,40346479,1064869028,26.05,26.8,25.85,26.2,0.3,16571
2024-12-11,1605,16946620,438630191,26.05,26.2,25.6,25.8,-0.4,7523
2024-12-12,1605,13117486,341831123,25.8,26.3,25.7,26.1,0.3,5759
2024-12-13,1605,17698185,448787833,26.0,26.05,25.15,25.15,-0.95,8000
2024-12-16,1605,20799975,516349987,25.2,25.35,24.5,24.65,-0.5,7698
2024-12-17,1605,21658448,530278274,24.65,24.8,24.25,24.4,-0.25,7486
2024-12-18,1605,17352650,422553747,24.4,24.7,24.05,24.6,0.2,5967
2024-12-19,1605,24895170,618951899,24.25,25.2,24.2,25.05,0.45,8664
2024-12-20,1605,59690598,1452190614,25.05,25.15,23.95,24.4,-0.65,15526
2024-12-23,1605,64058531,1592911947,24.85,25.55,24.6,24.6,0.2,14620
2024-12-24,1605,57659276,1429380517,24.75,25.35,24.55,24.7,0.1,14672
2024-12-25,1605,56245388,1386060480,24.95,25.15,24.4,24.7,0.0,11086
2024-12-26,1605,57031777,1426885142,24.8,25.4,24.7,25.1,0.4,14623
2024-12-27,1605,51368191,1232543766,25.2,25.3,24.8,24.85,-0.25,9975
2024-12-30,1605,20535578,503525258,24.8,24.85,24.25,24.25,-0.6,9881
2024-12-31,1605,23544743,562225037,24.05,24.15,23.7,23.7,-0.55,10061
2025-01-02,1605,18562146,441653668,23.65,24.2,23.35,23.9,0.2,9494
2025-01-03,1605,24889874,584590329,23.85,24.2,23.1,23.1,-0.8,9990
2025-01-06,1605,18468664,433535083,23.25,23.8,23.1,23.35,0.25,7402
2025-01-07,1605,17056068,395901271,23.65,23.7,23.05,23.1,-0.25,7242
2025-01-08,1605,27304667,616543739,23.1,23.1,22.2,22.6,-0.5,10213
2025-01-09,1605,22428025,498574111,22.55,22.55,22.0,22.05,-0.55,6564
2025-01-10,1605,16274771,359175707,22.25,22.3,21.9,22.15,0.1,5224
2025-01-13,1605,17494260,383157100,22.0,22.35,21.65,21.95,-0.2,6277
2025-01-14,1605,9195291,205393465,21.9,22.5,21.9,22.5,0.55,3912
2025-01-15,1605,22058975,508217539,22.45,23.6,22.45,22.85,0.35,8362
2025-01-16,1605,13699711,317624755,23.05,23.65,22.95,23.05,0.2,5070
2025-01-17,1605,10752235,248902502,23.1,23.3,22.9,23.3,0.25,4270
2025-01-20,1605,11371981,267639164,23.3,23.8,23.1,23.8,0.5,4207
2025-01-21,1605,16912480,409564152,24.2,24.5,23.8,24.25,0.45,6162
2025-01-22,1605,14792124,359717127,24.4,24.5,24.1,24.5,0.25,5360
2025-02-03,1605,14597698,346524597,24.0,24.4,23.35,23.55,-0.95,6257
2025-02-04,1605,8199539,193180791,23.8,23.95,23.3,23.4,-0.15,3697
2025-02-05,1605,10259218,241227486,23.65,23.9,23.3,23.55,0.15,4370
2025-02-06,1605,7694030,182838427,23.8,23.95,23.45,23.9,0.35,3174
2025-02-07,1605,7025707,166254630,23.9,23.9,23.5,23.7,-0.2,3325
2025-02-10,1605,46941428,1169100197,23.55,25.7,23.45,24.75,1.05,18717
2025-02-11,1605,31471060,788591042,25.2,25.3,24.9,25.0,0.25,11196
2025-02-12,1605,20574802,504501470,24.9,24.95,24.3,24.5,-0.5,8635
2025-02-13,1605,55524293,1432411270,24.7,26.75,24.3,26.15,1.65,20141
2025-02-14,1605,124127896,3434788796,26.35,28.75,26.2,28.75,2.6,49052
2025-02-17,1605,216012484,6373301855,29.6,30.5,28.8,28.8,0.05,84559
2025-02-18,1605,68726293,1989267111,28.95,29.65,28.2,28.5,-0.3,28936
2025-02-19,1605,53427624,1539335332,28.8,29.25,28.15,29.2,0.7,22619
2025-02-20,1605,53845086,1559779040,29.25,29.5,28.4,29.25,0.05,21410
2025-02-21,1605,42396031,1215968704,29.1,29.1,28.4,28.8,-0.45,17059
2025-02-24,1605,96613639,2796860910,27.85,29.9,27.75,29.6,0.8,33011
2025-02-25,1605,57252985,1673913445,29.2,29.7,28.85,28.95,-0.65,22070
2025-02-26,1605,90598197,2667044975,29.8,30.4,28.85,28.85,-0.1,35454
2025-02-27,1605,303829825,8511705267,29.0,29.55,27.85,27.85,-1.0,26890
2025-03-03,1605,64698853,1806033109,27.0,29.0,26.85,28.0,0.15,21969
2025-03-04,1605,38859844,1066953665,27.7,27.9,27.25,27.35,-0.65,16850
2025-03-05,1605,38466200,1076691986,27.4,28.4,27.25,28.3,0.95,14503
2025-03-06,1605,46487079,1300171375,28.5,28.65,27.65,27.7,-0.6,19967
2025-03-07,1605,22231408,615874727,27.8,28.05,27.45,27.45,-0.25,8178
2025-03-10,1605,15615930,431644277,27.6,27.95,27.45,27.45,0.0,6443
2025-03-11,1605,32091993,845521802,26.8,26.8,25.9,26.55,-0.9,14324
2025-03-12,1605,20732996,549776786,26.85,26.95,26.35,26.4,-0.15,8589
2025-03-13,1605,22697283,593184445,26.65,26.9,25.65,25.75,-0.65,9738
2025-03-14,1605,20314211,536873015,26.05,26.8,26.0,26.6,0.85,8445
2025-03-17,1605,10710576,285153832,26.7,26.9,26.4,26.5,-0.1,5875
2025-03-18,1605,7329846,195267296,26.7,26.9,26.5,26.6,0.1,4097
2025-03-19,1605,12528769,333389611,26.6,26.95,26.4,26.55,-0.05,5268
2025-03-20,1605,6494983,173358642,26.7,26.85,26.55,26.8,0.25,3559
2025-03-21,1605,30021311,800280086,27.0,27.35,26.2,26.2,-0.6,11082
2025-03-24,1605,9689646,253405613,26.25,26.4,25.95,26.1,-0.1,4600
2025-03-25,1605,20045845,512515842,26.3,26.4,25.3,25.35,-0.75,10143
2025-03-26,1605,22575146,592070248,25.6,26.7,25.55,26.3,0.95,10769
2025-03-27,1605,24962384,653892890,26.0,26.55,25.85,25.95,-0.35,10711
2025-03-28,1605,30329518,759292461,25.95,26.1,24.6,24.7,-1.25,11043
2025-03-31,1605,34161237,800038008,23.55,24.15,22.9,23.0,-1.7,11314
2025-04-01,1605,16995728,407509531,23.4,24.6,23.3,24.25,1.25,7230
2025-04-02,1605,10386330,250089752,24.0,24.3,23.65,24.25,0.0,5114
2025-04-07,1605,3244305,70887729,21.85,21.85,21.85,21.85,-2.4,1976
2025-04-08,1605,42138045,834759386,19.8,20.45,19.7,19.75,-2.1,13371
2025-04-09,1605,40062711,730739842,19.0,19.6,17.8,17.8,-1.95,14324
2025-04-10,1605,20006258,390903181,19.55,19.55,19.15,19.55,1.75,5459
2025-04-11,1605,23547116,451501531,18.7,19.65,18.35,19.65,0.1,9326
2025-04-14,1605,16716394,334236245,19.9,20.45,19.65,19.85,0.2,7146
2025-04-15,1605,16265431,332821337,20.1,20.75,19.95,20.65,0.8,6457
2025-04-16,1605,17714524,354041118,20.7,20.7,19.8,19.8,-0.85,7854
2025-04-17,1605,13506621,263611722,19.8,19.8,19.4,19.5,-0.3,4797
2025-04-18,1605,7181519,140280385,19.7,19.7,19.4,19.45,-0.05,3255
2025-04-21,1605,9517902,180674011,19.45,19.45,18.7,18.7,-0.75,4613
2025-04-22,1605,11129398,211639714,18.55,19.3,18.35,19.1,0.4,4979
2025-04-23,1605,13351039,265258218,19.7,20.1,19.65,19.8,0.7,5487
2025-04-24,1605,7335627,144643184,19.95,20.0,19.55,19.6,-0.2,3120
2025-04-25,1605,8661665,171994896,19.95,20.15,19.65,19.65,0.05,3786
2025-04-28,1605,8787140,173094432,19.8,20.05,19.5,19.65,0.0,3738
2025-04-29,1605,30651030,627537476,19.85,20.8,19.75,20.7,1.05,10784
2025-04-30,1605,23417675,489231997,20.8,21.4,20.65,20.65,-0.05,9494
2025-05-02,1605,21750909,461181424,20.85,21.6,20.7,21.25,0.6,8678
2025-05-05,1605,21845705,464423993,21.6,21.85,20.8,21.05,-0.2,8468
2025-05-06,1605,13992091,297789932,21.1,21.7,21.0,21.25,0.2,5692
2025-05-07,1605,15650978,334976868,21.5,21.65,21.25,21.35,0.1,5040
2025-05-08,1605,11830625,253757104,21.4,21.85,21.3,21.3,-0.05,4772
2025-05-09,1605,10032345,212850485,21.4,21.4,20.95,21.35,0.05,4195
2025-05-12,1605,43031266,960900393,21.6,23.15,21.5,22.0,0.65,15349
2025-05-13,1605,25031646,562776119,22.4,22.9,22.15,22.25,0.25,8839
2025-05-14,1605,16239358,368987583,22.5,22.9,22.4,22.8,0.55,5893
2025-05-15,1605,13535052,306782533,22.75,23.1,22.3,22.7,-0.1,4986
2025-05-16,1605,18976222,438922872,22.9,23.45,22.7,23.25,0.55,7230
2025-05-19,1605,13899519,321150066,23.2,23.45,22.85,22.95,-0.3,4907
2025-05-20,1605,32046688,759774364,23.15,24.1,23.05,23.7,0.75,10654
2025-05-21,1605,24242160,565885649,23.9,23.9,23.15,23.2,-0.5,9068
2025-05-22,1605,13841194,315014370,23.2,23.2,22.6,22.7,-0.5,5734
2025-05-23,1605,9591501,217706544,22.75,22.8,22.55,22.7,0.0,3365
2025-05-26,1605,8356492,188698357,22.8,23.0,22.35,22.5,-0.2,3894
2025-05-27,1605,8827022,197124110,22.6,22.9,22.05,22.1,-0.4,4094
2025-05-28,1605,10238609,225516280,22.4,22.65,21.7,21.9,-0.2,4724
2025-05-29,1605,12809603,277489514,22.15,22.15,21.45,21.7,-0.2,4100
2025-06-02,1605,11811061,246866672,21.5,21.5,20.7,20.8,-0.9,5162
2025-06-03,1605,10030142,209137381,20.85,21.05,20.7,20.9,0.1,3541
2025-06-04,1605,11039995,232191776,20.5,21.3,20.45,21.2,0.0,4581
2025-06-05,1605,6054888,128596137,21.3,21.45,21.0,21.3,0.1,2993
2025-06-06,1605,9479628,200767665,21.2,21.4,20.9,21.15,-0.15,3732
2025-06-09,1605,10930567,225336617,21.1,21.15,20.45,20.5,-0.65,4703
2025-06-10,1605,20015800,431076119,20.7,22.05,20.6,21.5,1.0,8186
2025-06-11,1605,9378018,202314304,21.6,21.75,21.35,21.7,0.2,3699
2025-06-12,1605,4986868,107067524,21.6,21.6,21.35,21.5,-0.2,2290
2025-06-13,1605,12645465,271396866,21.25,21.75,21.05,21.15,-0.35,5198
2025-06-16,1605,12553888,263164555,21.15,21.2,20.65,20.85,-0.3,4883
2025-06-17,1605,17834565,368891707,21.0,21.2,20.4,20.4,-0.45,6985
2025-06-18,1605,11248926,230719580,20.4,20.6,20.35,20.45,0.05,5221
2025-06-19,1605,12437267,250855839,20.55,20.7,19.95,20.0,-0.45,6344
2025-06-20,1605,17929411,359731648,20.0,20.2,19.9,20.1,0.1,4494
2025-06-23,1605,14098076,278437337,20.0,20.1,19.3,20.0,-0.1,5834
2025-06-24,1605,30799139,654514543,20.15,21.8,20.1,21.4,1.4,12696
2025-06-25,1605,15876043,340103374,21.55,21.7,21.2,21.25,-0.15,6476
2025-06-26,1605,14862675,321763314,21.35,21.85,21.3,21.6,0.35,6049
2025-06-27,1605,71228060,1576016429,21.2,23.0,21.15,21.75,0.15,36909
2025-06-30,1605,25255918,552488376,21.75,22.55,21.55,21.6,-0.15,12136
2025-07-01,1605,13448914,290898374,21.6,21.95,21.35,21.35,-0.25,6590
2025-07-02,1605,11849116,249605927,21.3,21.45,20.9,21.05,-0.3,6407
2025-07-03,1605,10167331,217495562,21.25,21.6,21.2,21.4,0.35,4753
2025-07-04,1605,11571192,241864915,21.4,21.5,20.65,20.65,-0.75,5625
2025-07-07,1605,6995943,142386533,20.7,20.7,20.2,20.3,-0.35,3393
2025-07-08,1605,13996554,277055997,20.2,20.2,19.55,19.75,-0.55,6957
2025-07-09,1605,37286985,750018809,21.0,21.05,19.7,19.7,-0.05,15409
2025-07-10,1605,12032492,235333321,19.75,19.85,19.4,19.4,-0.3,6112
2025-07-11,1605,11311712,222903539,19.5,19.9,19.35,19.7,0.3,4816
2025-07-14,1605,8003750,159541771,19.8,20.15,19.75,19.9,0.2,3671
2025-07-15,1605,8543048,168686314,19.7,20.0,19.6,19.65,-0.25,4334
2025-07-16,1605,9582714,188836352,19.7,19.95,19.6,19.6,-0.05,4533
2025-07-17,1605,12514957,251461818,19.7,20.3,19.7,20.15,0.55,5579
2025-07-18,1605,15178553,311462201,20.35,20.7,20.25,20.55,0.4,6244
2025-07-21,1605,25792130,545412199,20.7,21.5,20.6,21.45,0.9,11322
2025-07-22,1605,20396327,429470808,21.45,21.65,20.5,20.7,-0.75,9264
2025-07-23,1605,19633639,420337551,20.8,21.7,20.75,21.6,0.9,8570
2025-07-24,1605,12950640,276482816,21.7,22.1,20.9,21.3,-0.3,7623
2025-07-25,1605,8627611,182197726,21.3,21.45,20.9,20.95,-0.35,4235
2025-07-28,1605,6884487,144555955,21.1,21.25,20.7,21.0,0.05,3297
2025-07-29,1605,7038258,147824979,21.05,21.35,20.8,20.85,-0.15,3577
2025-07-30,1605,62737625,1402310643,20.9,22.9,20.65,22.9,2.05,23183
2025-07-31,1605,107765179,2463110959,23.65,23.7,22.0,22.5,-0.4,40000
2025-08-01,1605,39289011,856400197,22.05,22.25,21.5,21.55,-0.95,17683
2025-08-04,1605,17553714,371000039,21.3,21.3,20.9,21.3,-0.25,7224
2025-08-05,1605,14695865,314501953,21.4,21.55,21.15,21.45,0.15,5316
2025-08-06,1605,11111717,239205153,21.4,21.7,21.35,21.5,0.05,4599
2025-08-07,1605,12118374,263454995,21.7,21.95,21.6,21.7,0.2,5303
2025-08-08,1605,16377279,359497499,21.75,22.25,21.55,21.8,0.1,7181
2025-08-11,1605,13086527,282621801,21.95,21.95,21.4,21.5,-0.3,5781
2025-08-12,1605,11317769,245874389,21.5,22.0,21.5,21.65,0.15,4829
2025-08-13,1605,29319303,652208009,21.9,22.85,21.75,21.9,0.25,11641
2025-08-14,1605,53856940,1231665788,22.0,23.35,22.0,23.0,1.1,21219
2025-08-15,1605,28971345,658749838,23.1,23.1,22.4,22.95,-0.05,12992
2025-08-18,1605,46716100,1111384423,23.15,24.45,23.05,23.65,0.7,18792
2025-08-19,1605,27876914,655019436,23.7,24.15,23.1,23.3,-0.35,11682
2025-08-20,1605,22219599,503841629,23.3,23.3,22.5,22.5,-0.8,9940
2025-08-21,1605,13896147,317248884,22.75,23.05,22.6,22.75,0.25,5862
2025-08-22,1605,18886732,432879750,22.8,23.25,22.6,22.9,0.15,7467
2025-08-25,1605,24129410,565287248,23.15,23.95,22.95,23.35,0.45,9819
2025-08-26,1605,16828564,387166538,23.55,23.55,22.75,22.95,-0.4,7124
2025-08-27,1605,17920389,417954686,23.05,23.6,23.05,23.2,0.25,7409
2025-08-28,1605,18642438,437863631,23.4,23.75,23.2,23.35,0.15,7139
2025-08-29,1605,32245578,754503590,23.8,24.3,22.8,22.8,-0.55,11572
2025-09-01,1605,17447065,391837734,22.9,23.0,22.05,22.5,-0.3,7774
2025-09-02,1605,14588653,324115397,22.7,22.8,21.9,22.1,-0.4,5945
2025-09-03,1605,14194795,310925701,21.95,22.15,21.75,21.75,-0.35,6359
2025-09-04,1605,44758180,1035190583,21.95,23.9,21.9,23.9,2.15,15262
2025-09-05,1605,71665879,1639389235,22.85,23.5,22.35,23.3,-0.6,25137
2025-09-08,1605,53131157,1188932698,22.55,23.0,22.15,22.25,-1.05,18272
2025-09-09,1605,16606589,370614122,22.45,22.6,22.15,22.15,-0.1,6459
2025-09-10,1605,38346048,874189390,22.3,23.3,22.15,22.85,0.7,13870
2025-09-11,1605,22477772,506710894,23.05,23.05,22.2,22.2,-0.65,8698
2025-09-12,1605,16619152,377217756,22.5,23.0,22.45,22.5,0.3,6352
2025-09-15,1605,11277944,252340383,22.65,22.75,22.25,22.25,-0.25,4883
2025-09-16,1605,6581585,146926307,22.4,22.5,22.2,22.25,0.0,3064
2025-09-17,1605,24360813,553855213,22.45,23.2,22.3,22.65,0.4,8910
2025-09-18,1605,27620128,635728946,22.6,23.3,22.6,23.0,0.35,9584
2025-09-19,1605,60822558,1437437257,23.25,23.95,22.95,23.7,0.7,18984
2025-09-22,1605,69377295,1688104471,24.1,25.0,23.85,24.45,0.75,24172
2025-09-23,1605,40280701,973576455,24.5,24.7,23.7,24.05,-0.4,13726
2025-09-24,1605,18740481,446978945,24.05,24.3,23.65,23.85,-0.2,6978
